YearMonth,Location ID,Organisation Code,Trust Code,Trust Name,Site Code,Site Name,Total Responses - IP,Total Eligible - IP,Response Rate - IP,Percentage Recommended - IP,Percentage Recommended (n) - IP,Matched Organisation Code
201912,1-1027042974,ACG07,ACG,NEW MEDICAL SYSTEMS LIMITED,ACG07,NEWMEDICA COMMUNITY OPHTHALMOLOGY - LEICESTERSHIRE - LEICESTER (STONEYGATE EYE HOSPITAL) - ACG07,10,226,4.4%,100%,100% (10),ACG07
201912,1-109183027,NXM01,NXM,HORDER HEALTHCARE,NXM01,THE HORDER CENTRE - ST JOHNS ROAD - NXM01,172,287,59.9%,97.1%,97.1% (172),NXM01
201912,1-112968810,NTE02,NTE,HMT HOSPITALS,NTE02,ST HUGH'S HOSPITAL - NTE02,97,356,27.2%,99%,99% (97),NTE02
201912,1-114621322,NVG01,NVG,FAIRFIELD HOSPITAL,NVG01,FAIRFIELD HOSPITAL - NVG01,138,287,48.1%,100%,100% (138),NVG01
201912,1-1150357230,NT416,NT4,BMI HEALTHCARE,NT416,BMI - HENDON HOSPITAL - NT416,53,70,75.7%,98.1%,98.1% (53),NT416
201912,1-115574313,NT202,NT2,NUFFIELD HEALTH,NT202,"NUFFIELD HEALTH, BOURNEMOUTH HOSPITAL - NT202",14,61,23%,100%,100% (14),NT202
201912,1-115574336,NT204,NT2,NUFFIELD HEALTH,NT204,"NUFFIELD HEALTH, BRENTWOOD HOSPITAL - NT204",25,73,34.2%,100%,100% (25),NT204
201912,1-115574357,NT205,NT2,NUFFIELD HEALTH,NT205,"NUFFIELD HEALTH, BRIGHTON HOSPITAL - NT205",5,40,12.5%,100%,100% (5),NT205
201912,1-115574398,NT209,NT2,NUFFIELD HEALTH,NT209,"NUFFIELD HEALTH, CAMBRIDGE HOSPITAL - NT209",15,39,38.5%,93.3%,93.3% (15),NT209
201912,1-115574419,NT211,NT2,NUFFIELD HEALTH,NT211,"NUFFIELD HEALTH, CHELTENHAM HOSPITAL - NT211",5,14,35.7%,100%,100% (5),NT211
201912,1-115574439,NT212,NT2,NUFFIELD HEALTH,NT212,"NUFFIELD HEALTH, CHICHESTER HOSPITAL - NT212",39,101,38.6%,97.4%,97.4% (39),NT212
201912,1-115574458,NT213,NT2,NUFFIELD HEALTH,NT213,"NUFFIELD HEALTH, DERBY HOSPITAL - NT213",31,130,23.8%,100%,100% (31),NT213
201912,1-115574477,NT215,NT2,NUFFIELD HEALTH,NT215,"NUFFIELD HEALTH, EXETER HOSPITAL - NT215",28,33,84.8%,96.4%,96.4% (28),NT215
201912,1-115574498,NT216,NT2,NUFFIELD HEALTH,NT216,"NUFFIELD HEALTH, GUILDFORD HOSPITAL - NT216",11,3,366.7%,100%,100% (11),NT216
201912,1-115574517,NT218,NT2,NUFFIELD HEALTH,NT218,"NUFFIELD HEALTH, HAYWARDS HEATH HOSPITAL - NT218",13,30,43.3%,100%,100% (13),NT218
201912,1-115574578,NT225,NT2,NUFFIELD HEALTH,NT225,"NUFFIELD HEALTH, LEEDS HOSPITAL - NT225",70,236,29.7%,100%,100% (70),NT225
201912,1-115574597,NT226,NT2,NUFFIELD HEALTH,NT226,"NUFFIELD HEALTH, LEICESTER HOSPITAL - NT226",37,90,41.1%,100%,100% (37),NT226
201912,1-115574618,NT229,NT2,NUFFIELD HEALTH,NT229,"NUFFIELD HEALTH, NEWCASTLE UPON TYNE HOSPITAL - NT229",25,96,26%,100%,100% (25),NT229
201912,1-115574639,NT230,NT2,NUFFIELD HEALTH,NT230,"NUFFIELD HEALTH, NORTH STAFFORDSHIRE HOSPITAL - NT230",50,143,35%,100%,100% (50),NT230
201912,1-115574658,NT233,NT2,NUFFIELD HEALTH,NT233,"NUFFIELD HEALTH, PLYMOUTH HOSPITAL - NT233",64,162,39.5%,96.9%,96.9% (64),NT233
201912,1-115574678,NT235,NT2,NUFFIELD HEALTH,NT235,"NUFFIELD HEALTH, SHREWSBURY HOSPITAL - NT235",18,132,13.6%,100%,100% (18),NT235
201912,1-115574698,NT238,NT2,NUFFIELD HEALTH,NT238,"NUFFIELD HEALTH, TAUNTON HOSPITAL - NT238",20,63,31.7%,100%,100% (20),NT238
201912,1-115574718,NT237,NT2,NUFFIELD HEALTH,NT237,"NUFFIELD HEALTH, TEES HOSPITAL - NT237",102,249,41%,99%,99% (102),NT237
201912,1-115574737,NT210,NT2,NUFFIELD HEALTH,NT210,"NUFFIELD HEALTH, THE GROSVENOR HOSPITAL, CHESTER - NT210",17,42,40.5%,100%,100% (17),NT210
201912,1-115574778,NT239,NT2,NUFFIELD HEALTH,NT239,"NUFFIELD HEALTH, TUNBRIDGE WELLS HOSPITAL - NT239",8,53,15.1%,100%,100% (8),NT239
201912,1-115574798,NT224,NT2,NUFFIELD HEALTH,NT224,"NUFFIELD HEALTH, WARWICKSHIRE HOSPITAL - NT224",15,38,39.5%,100%,100% (15),NT224
201912,1-115574818,NT214,NT2,NUFFIELD HEALTH,NT214,"NUFFIELD HEALTH, WESSEX HOSPITAL - NT214",22,54,40.7%,100%,100% (22),NT214
201912,1-115574838,NT241,NT2,NUFFIELD HEALTH,NT241,"NUFFIELD HEALTH, WOKING HOSPITAL - NT241",9,32,28.1%,100%,100% (9),NT241
201912,1-115574857,NT242,NT2,NUFFIELD HEALTH,NT242,"NUFFIELD HEALTH, WOLVERHAMPTON HOSPITAL - NT242",49,255,19.2%,100%,100% (49),NT242
201912,1-115574877,NT245,NT2,NUFFIELD HEALTH,NT245,"NUFFIELD HEALTH, YORK HOSPITAL - NT245",9,48,18.8%,100%,100% (9),NT245
201912,1-118024670,NWF01,NWF01,BENENDEN HOSPITAL,NWF01,BENENDEN HOSPITAL - NWF01,52,101,51.5%,100%,100% (52),NWF01
201912,1-118822952,NN801,NN8,EAST KENT MEDICAL SERVICES LTD,NN801,SPENCER PRIVATE HOSPITALS - MARGATE - NN801,22,135,16.3%,100%,100% (22),NN801
201912,1-118822975,NN802,NN8,EAST KENT MEDICAL SERVICES LTD,NN802,SPENCER PRIVATE HOSPITALS - ASHFORD - NN802,28,54,51.9%,100%,100% (28),NN802
201912,1-119269999,NV302,NV3,CIRCLE,NV302,CIRCLE BATH HOSPITAL - NV302,118,467,25.3%,98.3%,98.3% (118),NV302
201912,1-1285831303,ADP02,ADP,KIMS HOSPITAL,ADP02,KIMS HOSPITAL (NEWNHAM COURT) - ADP02,99,340,29.1%,100%,100% (99),ADP02
201912,1-128732725,NVC05,NVC,RAMSAY HEALTHCARE UK OPERATIONS LIMITED,NVC05,EUXTON HALL HOSPITAL - NVC05,38,270,14.1%,100%,100% (38),NVC05
201912,1-128732743,NVC06,NVC,RAMSAY HEALTHCARE UK OPERATIONS LIMITED,NVC06,FITZWILLIAM HOSPITAL - NVC06,107,486,22%,98.1%,98.1% (107),NVC06
201912,1-128732808,NVC27,NVC,RAMSAY HEALTHCARE UK OPERATIONS LIMITED,NVC27,BOSTON WEST HOSPITAL - NVC27,158,200,79%,100%,100% (158),NVC27
201912,1-128732823,NVC29,NVC,RAMSAY HEALTHCARE UK OPERATIONS LIMITED,NVC29,COBALT HOSPITAL - NVC29,269,407,66.1%,98.9%,98.9% (269),NVC29
201912,1-128732946,NVC07,NVC,RAMSAY HEALTHCARE UK OPERATIONS LIMITED,NVC07,FULWOOD HALL HOSPITAL - NVC07,383,649,59%,100%,100% (383),NVC07
201912,1-128732982,NVC08,NVC,RAMSAY HEALTHCARE UK OPERATIONS LIMITED,NVC08,MOUNT STUART HOSPITAL - NVC08,57,290,19.7%,100%,100% (57),NVC08
201912,1-128732997,NVC09,NVC,RAMSAY HEALTHCARE UK OPERATIONS LIMITED,NVC09,NEW HALL HOSPITAL - NVC09,131,457,28.7%,99.2%,99.2% (131),NVC09
201912,1-128733032,NVC12,NVC,RAMSAY HEALTHCARE UK OPERATIONS LIMITED,NVC12,OAKLANDS HOSPITAL - NVC12,143,454,31.5%,98.6%,98.6% (143),NVC12
201912,1-128733068,NVC15,NVC,RAMSAY HEALTHCARE UK OPERATIONS LIMITED,NVC15,PINEHILL HOSPITAL - NVC15,153,342,44.7%,100%,100% (153),NVC15
201912,1-128733087,NVC16,NVC,RAMSAY HEALTHCARE UK OPERATIONS LIMITED,NVC16,RENACRES HOSPITAL - NVC16,592,483,122.6%,100%,100% (592),NVC16
201912,1-128733105,NVC19,NVC,RAMSAY HEALTHCARE UK OPERATIONS LIMITED,NVC19,RIVERS HOSPITAL - NVC19,29,735,3.9%,100%,100% (29),NVC19
201912,1-128733123,NVC18,NVC,RAMSAY HEALTHCARE UK OPERATIONS LIMITED,NVC18,SPRINGFIELD HOSPITAL - NVC18,34,371,9.2%,100%,100% (34),NVC18
201912,1-128733141,NVC02,NVC,RAMSAY HEALTHCARE UK OPERATIONS LIMITED,NVC02,THE BERKSHIRE INDEPENDENT HOSPITAL - NVC02,149,167,89.2%,100%,100% (149),NVC02
201912,1-128733177,NVC21,NVC,RAMSAY HEALTHCARE UK OPERATIONS LIMITED,NVC21,WEST MIDLANDS HOSPITAL - NVC21,108,362,29.8%,98.1%,98.1% (108),NVC21
201912,1-128733195,NVC22,NVC,RAMSAY HEALTHCARE UK OPERATIONS LIMITED,NVC22,WINFIELD HOSPITAL - NVC22,55,158,34.8%,100%,100% (55),NVC22
201912,1-128733213,NVC23,NVC,RAMSAY HEALTHCARE UK OPERATIONS LIMITED,NVC23,WOODLAND HOSPITAL - NVC23,225,642,35%,99.1%,99.1% (225),NVC23
201912,1-128758255,NT402,NT4,BMI HEALTHCARE,NT402,BMI - BATH CLINIC - NT402,116,130,89.2%,100%,100% (116),NT402
201912,1-128758296,NT497,NT4,BMI HEALTHCARE,NT497,BMI GISBURNE PARK HOSPITAL - NT497,77,137,56.2%,100%,100% (77),NT497
201912,1-128758337,NT405,NT4,BMI HEALTHCARE,NT405,BMI - BISHOPS WOOD - NT405,31,86,36%,100%,100% (31),NT405
201912,1-128758401,NT409,NT4,BMI HEALTHCARE,NT409,BMI - CHELSFIELD PARK HOSPITAL - NT409,58,125,46.4%,100%,100% (58),NT409
201912,1-128758464,NT445,NT4,BMI HEALTHCARE,NT445,BMI THE EDGBASTON HOSPITAL - NT445,63,148,42.6%,98.4%,98.4% (63),NT445
201912,1-128758505,NT403,NT4,BMI HEALTHCARE,NT403,BMI - THE BEARDWOOD HOSPITAL - NT403,280,605,46.3%,97.9%,97.9% (280),NT403
201912,1-128758526,NT404,NT4,BMI HEALTHCARE,NT404,BMI - THE BEAUMONT HOSPITAL - NT404,106,338,31.4%,97.2%,97.2% (106),NT404
201912,1-128758547,NT406,NT4,BMI HEALTHCARE,NT406,BMI - THE BLACKHEATH HOSPITAL - NT406,84,186,45.2%,95.2%,95.2% (84),NT406
201912,1-128758569,NT401,NT4,BMI HEALTHCARE,NT401,BMI - THE ALEXANDRA HOSPITAL - NT401,138,392,35.2%,98.6%,98.6% (138),NT401
201912,1-128758601,NT451,NT4,BMI HEALTHCARE,NT451,BMI THE CAVELL HOSPITAL - NT451,201,183,109.8%,99%,99% (201),NT451
201912,1-128758622,NT410,NT4,BMI HEALTHCARE,NT410,BMI - THE CHILTERN HOSPITAL - NT410,38,64,59.4%,97.4%,97.4% (38),NT410
201912,1-128758653,NT411,NT4,BMI HEALTHCARE,NT411,BMI - THE CLEMENTINE CHURCHILL HOSPITAL - NT411,64,255,25.1%,96.9%,96.9% (64),NT411
201912,1-128758675,NT408,NT4,BMI HEALTHCARE,NT408,BMI - THE CHAUCER HOSPITAL - NT408,42,185,22.7%,97.6%,97.6% (42),NT408
201912,1-128758696,NT412,NT4,BMI HEALTHCARE,NT412,BMI - THE DROITWICH SPA HOSPITAL - NT412,63,211,29.9%,98.4%,98.4% (63),NT412
201912,1-128766718,NT447,NT4,BMI HEALTHCARE,NT447,BMI THE DUCHY HOSPITAL - NT447,13,45,28.9%,100%,100% (13),NT447
201912,1-128766778,NT416,NT4,BMI HEALTHCARE,NT416,BMI - HENDON HOSPITAL - NT416,53,70,75.7%,98.1%,98.1% (53),NT416
201912,1-128766799,NT417,NT4,BMI HEALTHCARE,NT417,BMI - GORING HALL HOSPITAL - NT417,21,209,10%,95.2%,95.2% (21),NT417
201912,1-128766820,NT418,NT4,BMI HEALTHCARE,NT418,BMI - THE HAMPSHIRE CLINIC - NT418,61,206,29.6%,98.4%,98.4% (61),NT418
201912,1-128766841,NT419,NT4,BMI HEALTHCARE,NT419,BMI - THE HARBOUR HOSPITAL - NT419,6,46,13%,100%,100% (6),NT419
201912,1-128766862,NT420,NT4,BMI HEALTHCARE,NT420,BMI - THE HIGHFIELD HOSPITAL - NT420,169,236,71.6%,99.4%,99.4% (169),NT420
201912,1-128766884,NT448,NT4,BMI HEALTHCARE,NT448,BMI THE HUDDERSFIELD HOSPITAL - NT448,47,209,22.5%,100%,100% (47),NT448
201912,1-128766906,NT421,NT4,BMI HEALTHCARE,NT421,BMI - THE KINGS OAK HOSPITAL - NT421,122,115,106.1%,99.2%,99.2% (122),NT421
201912,1-128766928,NT449,NT4,BMI HEALTHCARE,NT449,BMI THE LANCASTER HOSPITAL - NT449,55,113,48.7%,100%,100% (55),NT449
201912,1-128766946,NT450,NT4,BMI HEALTHCARE,NT450,BMI THE LINCOLN HOSPITAL - NT450,46,64,71.9%,100%,100% (46),NT450
201912,1-128766965,NT422,NT4,BMI HEALTHCARE,NT422,BMI - THE LONDON INDEPENDENT HOSPITAL - NT422,46,343,13.4%,97.8%,97.8% (46),NT422
201912,1-128767002,NT423,NT4,BMI HEALTHCARE,NT423,BMI - THE MANOR HOSPITAL - NT423,42,40,105%,100%,100% (42),NT423
201912,1-128767023,NT424,NT4,BMI HEALTHCARE,NT424,BMI - THE MERIDEN HOSPITAL - NT424,49,172,28.5%,98%,98% (49),NT424
201912,1-128767043,NT455,NT4,BMI HEALTHCARE,NT455,BMI MOUNT ALVERNIA HOSPITAL - NT455,26,4,650%,100%,100% (26),NT455
201912,1-128767084,NT427,NT4,BMI HEALTHCARE,NT427,BMI - THE PARK HOSPITAL - NT427,115,205,56.1%,98.3%,98.3% (115),NT427
201912,1-128767105,NT428,NT4,BMI HEALTHCARE,NT428,BMI - THE PRINCESS MARGARET HOSPITAL - NT428,17,30,56.7%,100%,100% (17),NT428
201912,1-128767127,NT429,NT4,BMI HEALTHCARE,NT429,BMI - THE PRIORY HOSPITAL - NT429,54,76,71.1%,100%,100% (54),NT429
201912,1-128767148,NT430,NT4,BMI HEALTHCARE,NT430,BMI - THE RIDGEWAY HOSPITAL - NT430,28,151,18.5%,100%,100% (28),NT430
201912,1-128767168,NT431,NT4,BMI HEALTHCARE,NT431,BMI - THE RUNNYMEDE HOSPITAL - NT431,8,29,27.6%,100%,100% (8),NT431
201912,1-128767190,NT432,NT4,BMI HEALTHCARE,NT432,BMI - THE SANDRINGHAM HOSPITAL - NT432,25,103,24.3%,100%,100% (25),NT432
201912,1-128767211,NT433,NT4,BMI HEALTHCARE,NT433,BMI - SARUM ROAD HOSPITAL - NT433,20,64,31.3%,100%,100% (20),NT433
201912,1-128767232,NT434,NT4,BMI HEALTHCARE,NT434,BMI - THE SAXON CLINIC - NT434,57,87,65.5%,100%,100% (57),NT434
201912,1-128767252,NT435,NT4,BMI HEALTHCARE,NT435,BMI - THE SHELBURNE HOSPITAL - NT435,12,30,40%,100%,100% (12),NT435
201912,1-128767270,NT436,NT4,BMI HEALTHCARE,NT436,BMI - SHIRLEY OAKS HOSPITAL - NT436,70,230,30.4%,100%,100% (70),NT436
201912,1-128767290,NT437,NT4,BMI HEALTHCARE,NT437,BMI - THE SLOANE HOSPITAL - NT437,5,75,6.7%,100%,100% (5),NT437
201912,1-128767334,NT439,NT4,BMI HEALTHCARE,NT439,BMI - THE SOUTH CHESHIRE PRIVATE HOSPITAL - NT439,78,160,48.7%,100%,100% (78),NT439
201912,1-128767355,NT446,NT4,BMI HEALTHCARE,NT446,BMI ST EDMUNDS HOSPITAL - NT446,35,81,43.2%,97.1%,97.1% (35),NT446
201912,1-128767375,NT440,NT4,BMI HEALTHCARE,NT440,BMI - THORNBURY HOSPITAL - NT440,185,333,55.6%,99.5%,99.5% (185),NT440
201912,1-128767396,NT443,NT4,BMI HEALTHCARE,NT443,BMI - THE WINTERBOURNE HOSPITAL - NT443,43,87,49.4%,97.7%,97.7% (43),NT443
201912,1-128767416,NT457,NT4,BMI HEALTHCARE,NT457,BMI WOODLANDS HOSPITAL - NT457,41,447,9.2%,100%,100% (41),NT457
201912,1-129783078,NT312,NT3,SPIRE HEALTHCARE,NT312,SPIRE ALEXANDRA HOSPITAL - NT312,18,97,18.6%,77.8%,77.8% (18),NT312
201912,1-129783097,NT302,NT3,SPIRE HEALTHCARE,NT302,SPIRE BRISTOL HOSPITAL - NT302,47,114,41.2%,95.7%,95.7% (47),NT302
201912,1-129798115,NT315,NT3,SPIRE HEALTHCARE,NT315,SPIRE BUSHEY HOSPITAL - NT315,17,77,22.1%,100%,100% (17),NT315
201912,1-129798134,NT317,NT3,SPIRE HEALTHCARE,NT317,SPIRE CAMBRIDGE LEA HOSPITAL - NT317,20,57,35.1%,100%,100% (20),NT317
201912,1-129798153,NT324,NT3,SPIRE HEALTHCARE,NT324,SPIRE CHESHIRE HOSPITAL - NT324,61,269,22.7%,100%,100% (61),NT324
201912,1-129798171,NT308,NT3,SPIRE HEALTHCARE,NT308,SPIRE GATWICK PARK HOSPITAL - NT308,27,98,27.6%,88.9%,88.9% (27),NT308
201912,1-129798190,NT316,NT3,SPIRE HEALTHCARE,NT316,SPIRE HARPENDEN HOSPITAL - NT316,21,117,17.9%,100%,100% (21),NT316
201912,1-129798209,NT319,NT3,SPIRE HEALTHCARE,NT319,SPIRE HARTSWOOD HOSPITAL - NT319,28,90,31.1%,92.9%,92.9% (28),NT319
201912,1-129798228,NT332,NT3,SPIRE HEALTHCARE,NT332,SPIRE LEEDS HOSPITAL - NT332,46,218,21.1%,100%,100% (46),NT332
201912,1-129798247,NT322,NT3,SPIRE HEALTHCARE,NT322,SPIRE LEICESTER HOSPITAL - NT322,27,99,27.3%,100%,100% (27),NT322
201912,1-129798265,NT321,NT3,SPIRE HEALTHCARE,NT321,SPIRE LITTLE ASTON HOSPITAL - NT321,42,178,23.6%,100%,100% (42),NT321
201912,1-129798303,NT325,NT3,SPIRE HEALTHCARE,NT325,SPIRE MURRAYFIELD HOSPITAL - NT325,38,166,22.9%,92.1%,92.1% (38),NT325
201912,1-129798322,NT318,NT3,SPIRE HEALTHCARE,NT318,SPIRE NORWICH HOSPITAL - NT318,19,55,34.5%,94.7%,94.7% (19),NT318
201912,1-129798341,NT320,NT3,SPIRE HEALTHCARE,NT320,SPIRE PARKWAY HOSPITAL - NT320,26,134,19.4%,100%,100% (26),NT320
201912,1-129798357,NT305,NT3,SPIRE HEALTHCARE,NT305,SPIRE PORTSMOUTH HOSPITAL - NT305,32,88,36.4%,100%,100% (32),NT305
201912,1-129798374,NT314,NT3,SPIRE HEALTHCARE,NT314,SPIRE LONDON EAST - NT314,54,306,17.6%,94.4%,94.4% (54),NT314
201912,1-129798393,NT301,NT3,SPIRE HEALTHCARE,NT301,SPIRE SOUTH BANK HOSPITAL - NT301,20,118,16.9%,100%,100% (20),NT301
201912,1-129798412,NT304,NT3,SPIRE HEALTHCARE,NT304,SPIRE SOUTHAMPTON HOSPITAL - NT304,48,93,51.6%,95.8%,95.8% (48),NT304
201912,1-129798431,NT309,NT3,SPIRE HEALTHCARE,NT309,SPIRE SUSSEX HOSPITAL - NT309,26,137,19%,100%,100% (26),NT309
201912,1-129798450,NT310,NT3,SPIRE HEALTHCARE,NT310,SPIRE TUNBRIDGE WELLS HOSPITAL - NT310,7,41,17.1%,85.7%,85.7% (7),NT310
201912,1-129798468,NT333,NT3,SPIRE HEALTHCARE,NT333,SPIRE WASHINGTON HOSPITAL - NT333,55,274,20.1%,98.2%,98.2% (55),NT333
201912,1-129798487,NT313,NT3,SPIRE HEALTHCARE,NT313,SPIRE WELLESLEY HOSPITAL - NT313,66,407,16.2%,100%,100% (66),NT313
201912,1-131348963,NQM01,NQM01,ORTHOPAEDICS & SPINE SPECIALIST HOSPITAL SITE,NQM01,ORTHOPAEDICS & SPINE SPECIALIST HOSPITAL SITE - NQM01,24,29,82.8%,100%,100% (24),NQM01
201912,1-1382018165,NT3X3,NT3,SPIRE HEALTHCARE,NT3X3,SPIRE ST ANTHONY'S HOSPITAL - NT3X3,9,34,26.5%,88.9%,88.9% (9),NT3X3
201912,1-138502307,NVC14,NVC,RAMSAY HEALTHCARE UK OPERATIONS LIMITED,NVC14,PARK HILL HOSPITAL - NVC14,77,115,67%,98.7%,98.7% (77),NVC14
201912,1-149210468,NTPH5,NTP,CARE UK,NTPH5,PENINSULA NHS TREATMENT CENTRE - NTPH5,404,559,72.3%,99.5%,99.5% (404),NTPH5
201912,1-1512006286,NVC40,NVC,RAMSAY HEALTHCARE UK OPERATIONS LIMITED,NVC40,WOODTHORPE HOSPITAL - NVC40,121,475,25.5%,99.2%,99.2% (121),NVC40
201912,1-1586081494,NPG06,NPG,SPAMEDICA,NPG06,SPAMEDICA LIVERPOOL - NPG06,61,93,65.6%,100%,100% (61),NPG06
201912,1-164309798,NPG01,NPG,SPAMEDICA,NPG01,SPAMEDICA (MANCHESTER) - NPG01,213,231,92.2%,100%,100% (213),NPG01
201912,1-1782458144,NPG02,NPG,SPAMEDICA,NPG02,SPAMEDICA (BIRKENHEAD) - NPG02,83,117,70.9%,100%,100% (83),NPG02
201912,1-1890528285,NYW01,NYW01,ASPEN - THE HOLLY,NYW01,ASPEN - THE HOLLY - NYW01,12,30,40%,100%,100% (12),NYW01
201912,1-1890547068,NYW02,NYW02,ASPEN - PARKSIDE HOSPITAL,NYW02,ASPEN - PARKSIDE HOSPITAL - NYW02,5,5,100%,100%,100% (5),NYW02
201912,1-1890547130,NYW02,NYW02,ASPEN - PARKSIDE HOSPITAL,NYW02,ASPEN - PARKSIDE HOSPITAL - NYW02,5,5,100%,100%,100% (5),NYW02
201912,1-1890547322,NYW04,NYW04,ASPEN - CLAREMONT HOSPITAL,NYW04,ASPEN - CLAREMONT HOSPITAL - NYW04,63,168,37.5%,100%,100% (63),NYW04
201912,1-197177428,NYW02,NYW02,ASPEN - PARKSIDE HOSPITAL,NYW02,ASPEN - PARKSIDE HOSPITAL - NYW02,5,5,100%,100%,100% (5),NYW02
201912,1-2079393249,NT441,NT4,BMI HEALTHCARE,NT441,BMI - THREE SHIRES HOSPITAL - NT441,59,236,25%,100%,100% (59),NT441
201912,1-2115222657,NXM04,NXM,HORDER HEALTHCARE,NXM04,THE MCINDOE CENTRE - NXM04,47,179,26.3%,100%,100% (47),NXM04
201912,1-221399033,NTPAD,NTP,CARE UK,NTPAD,ST MARY'S NHS TREATMENT CENTRE - NTPAD,86,934,9.2%,97.7%,97.7% (86),NTPAD
201912,1-2251815469,NTPH2,NTP,CARE UK,NTPH2,EMERSONS GREEN NHS TREATMENT CENTRE - NTPH2,350,805,43.5%,98.3%,98.3% (350),NTPH2
201912,1-2251883709,NTPH3,NTP,CARE UK,NTPH3,DEVIZES NHS TREATMENT CENTRE - NTPH3,236,359,65.7%,100%,100% (236),NTPH3
201912,1-2254088615,NTP11,NTP,CARE UK,NTP11,SOUTHAMPTON NHS TREATMENT CENTRE - NTP11,449,1126,39.9%,98.4%,98.4% (449),NTP11
201912,1-2288785450,ACG09,ACG,NEW MEDICAL SYSTEMS LIMITED,ACG09,NEWMEDICA COMMUNITY OPHTHALMOLOGY - NORTH DERBYSHIRE - BARLBOROUGH TREATMENT CENTRE - ACG09,17,232,7.3%,94.1%,94.1% (17),ACG09
201912,1-238946688,NTP13,NTP,CARE UK,NTP13,BARLBOROUGH NHS TREATMENT CENTRE - NTP13,141,203,69.5%,99.3%,99.3% (141),NTP13
201912,1-2467216855,NPG07,NPG,SPAMEDICA,NPG07,SPAMEDICA EYE HOSPITAL (WAKEFIELD) - NPG07,129,213,60.6%,100%,100% (129),NPG07
201912,1-265470671,NAM01,NAM,PROBUS SURGERY LIMITED,NAM01,PROBUS SURGICAL CENTRE - NAM01,53,132,40.2%,98.1%,98.1% (53),NAM01
201912,1-2745185984,NT350,NT3,SPIRE HEALTHCARE,NT350,SPIRE METHLEY PARK HOSPITAL - NT350,49,182,26.9%,98%,98% (49),NT350
201912,1-2745284068,NT344,NT3,SPIRE HEALTHCARE,NT344,SPIRE DUNEDIN HOSPITAL - NT344,29,126,23%,93.1%,93.1% (29),NT344
201912,1-2745329906,NT339,NT3,SPIRE HEALTHCARE,NT339,SPIRE REGENCY HOSPITAL - NT339,39,122,32%,97.4%,97.4% (39),NT339
201912,1-2745411269,NT337,NT3,SPIRE HEALTHCARE,NT337,SPIRE LIVERPOOL HOSPITAL - NT337,40,514,7.8%,90%,90% (40),NT337
201912,1-2745447408,NT345,NT3,SPIRE HEALTHCARE,NT345,SPIRE CLARE PARK HOSPITAL - NT345,16,110,14.5%,93.8%,93.8% (16),NT345
201912,1-2745570008,NT351,NT3,SPIRE HEALTHCARE,NT351,SPIRE HULL AND EAST RIDING HOSPITAL - NT351,89,399,22.3%,98.9%,98.9% (89),NT351
201912,1-2745680580,NT348,NT3,SPIRE HEALTHCARE,NT348,SPIRE ELLAND HOSPITAL - NT348,65,277,23.5%,100%,100% (65),NT348
201912,1-2745681065,NT347,NT3,SPIRE HEALTHCARE,NT347,SPIRE FYLDE COAST HOSPITAL - NT347,61,305,20%,98.4%,98.4% (61),NT347
201912,1-3075405928,NT327,NT3,SPIRE HEALTHCARE,NT327,SPIRE MANCHESTER HOSPITAL - NT327,40,154,26%,95%,95% (40),NT327
201912,1-3222321660,NT30A,NT3,SPIRE HEALTHCARE,NT30A,SPIRE NOTTINGHAM HOSPITAL - NT30A,17,114,14.9%,100%,100% (17),NT30A
201912,1-349744874,NTP16,NTP,CARE UK,NTP16,WILL ADAMS NHS TREATMENT CENTRE - NTP16,330,449,73.5%,99.1%,99.1% (330),NTP16
201912,1-358557034,NTP15,NTP,CARE UK,NTP15,NORTH EAST LONDON TREATMENT CENTRE CARE UK - NTP15,399,609,65.5%,99.7%,99.7% (399),NTP15
201912,1-3811878726,NPG08,NPG,SPAMEDICA,NPG08,SPAMEDICA (BOLTON) - NPG08,236,258,91.5%,99.6%,99.6% (236),NPG08
201912,1-4023516622,ACG13,ACG,NEW MEDICAL SYSTEMS LIMITED,ACG13,NEWMEDICA COMMUNITY OPHTHALMOLOGY - GLOUCESTERSHIRE - GLOUCESTER (ASPEN CENTRE) (ACG13) - ACG13,78,339,23%,97.4%,97.4% (78),ACG13
201912,1-4317894001,NTPH1,NTP,CARE UK,NTPH1,SHEPTON MALLET NHS TREATMENT CENTRE - NTPH1,360,495,72.7%,99.7%,99.7% (360),NTPH1
201912,1-445725083,NV323,NV3,CIRCLE,NV323,CIRCLE READING HOSPITAL - NV323,35,464,7.5%,100%,100% (35),NV323
201912,1-4466344175,NPG10,NPG,SPAMEDICA,NPG10,SPAMEDICA (SHEFFILED) - NPG10,220,251,87.6%,100%,100% (220),NPG10
201912,1-4481543105,NVC0R,NVC,RAMSAY HEALTHCARE UK OPERATIONS LIMITED,NVC0R,TEES VALLEY HOSPITAL - NVC0R,208,569,36.6%,100%,100% (208),NVC0R
201912,1-5137264452,NPG13,NPG,SPAMEDICA,NPG13,SPAMEDICA - SKELMERSDALE - NPG13,105,173,60.7%,100%,100% (105),NPG13
201912,1-523658550,NT364,NT3,SPIRE HEALTHCARE,NT364,SPIRE MONTEFIORE HOSPITAL - NT364,42,160,26.3%,100%,100% (42),NT364
201912,1-5282022414,NPG11,NPG,SPAMEDICA,NPG11,SPAMEDICA (BIRMINGHAM) - NPG11,301,413,72.9%,99.7%,99.7% (301),NPG11
201912,1-5587637271,NVC28,NVC,RAMSAY HEALTHCARE UK OPERATIONS LIMITED,NVC28,CLIFTON PARK HOSPITAL - NVC28,142,134,106%,100%,100% (142),NVC28
201912,1-5741223189,NPG12,NPG,SPAMEDICA,NPG12,SPAMEDICA ECCLESHILL TREATMENT CENTRE - NPG12,76,87,87.4%,100%,100% (76),NPG12
201912,1-6387464545,NPG16,NPG,SPAMEDICA,NPG16,SPAMEDICA CHELMSFORD - NPG16,131,170,77.1%,99.2%,99.2% (131),NPG16
201912,1-6726097886,NPG15,NPG,SPAMEDICA,NPG15,SPAMEDICA NEWCASTLE-UNDER-LYME - NPG15,44,78,56.4%,97.7%,97.7% (44),NPG15
201912,1-6815635113,NPG14,NPG,SPAMEDICA,NPG14,SPAMEDICA WIDNES - NPG14,87,97,89.7%,100%,100% (87),NPG14
201912,1-918228984,NT206,NT2,NUFFIELD HEALTH,NT206,"NUFFIELD HEALTH, BRISTOL HOSPITAL (CHESTERFIELD) - NT206",41,155,26.5%,100%,100% (41),NT206
201912,R0A02,R0A02,R0A,MANCHESTER UNIVERSITY NHS FOUNDATION TRUST,R0A02,MANCHESTER ROYAL INFIRMARY - R0A02,953,4069,23.4%,93.9%,93.9% (953),R0A02
201912,R0A03,R0A03,R0A,MANCHESTER UNIVERSITY NHS FOUNDATION TRUST,R0A03,ROYAL MANCHESTER CHILDREN'S HOSPITAL - R0A03,368,1528,24.1%,89.9%,89.9% (368),R0A03
201912,R0A04,R0A04,R0A,MANCHESTER UNIVERSITY NHS FOUNDATION TRUST,R0A04,MANCHESTER ROYAL EYE HOSPITAL - R0A04,288,837,34.4%,98.3%,98.3% (288),R0A04
201912,R0A05,R0A05,R0A,MANCHESTER UNIVERSITY NHS FOUNDATION TRUST,R0A05,ST MARY'S HOSPITAL - R0A05,114,788,14.5%,96.5%,96.5% (114),R0A05
201912,R0A06,R0A06,R0A,MANCHESTER UNIVERSITY NHS FOUNDATION TRUST,R0A06,UNIVERSITY DENTAL HOSPITAL OF MANCHESTER - R0A06,16,68,23.5%,81.3%,81.3% (16),R0A06
201912,R0A07,R0A07,R0A,MANCHESTER UNIVERSITY NHS FOUNDATION TRUST,R0A07,WYTHENSHAWE HOSPITAL - R0A07,960,5620,17.1%,98.2%,98.2% (960),R0A07
201912,R0A09,R0A09,R0A,MANCHESTER UNIVERSITY NHS FOUNDATION TRUST,R0A09,TRAFFORD GENERAL HOSPITAL - R0A09,183,468,39.1%,96.2%,96.2% (183),R0A09
201912,R0B01,R0B01,R0B,SOUTH TYNESIDE AND SUNDERLAND NHS FOUNDATION TRUST,R0B01,SUNDERLAND ROYAL HOSPITAL - R0B01,1106,5243,21.1%,97.2%,97.2% (1106),R0B01
201912,R0B0Q,R0B0Q,R0B,SOUTH TYNESIDE AND SUNDERLAND NHS FOUNDATION TRUST,R0B0Q,SOUTH TYNESIDE DISTRICT HOSPITAL - R0B0Q,252,1690,14.9%,93.7%,93.7% (252),R0B0Q
201912,R0B0X,R0B0X,R0B,SOUTH TYNESIDE AND SUNDERLAND NHS FOUNDATION TRUST,R0B0X,SUNDERLAND EYE INFIRMARY - R0B0X,83,1026,8.1%,98.8%,98.8% (83),R0B0X
201912,R1F01,R1F01,R1F,ISLE OF WIGHT NHS TRUST,R1F01,ST MARY'S HOSPITAL - R1F01,314,941,33.4%,99%,99% (314),R1F01
201912,R1H12,R1H12,R1H,BARTS HEALTH NHS TRUST,R1H12,THE ROYAL LONDON HOSPITAL - R1H12,1313,6487,20.2%,92.9%,92.9% (1313),R1H12
201912,R1HKH,R1HKH,R1H,BARTS HEALTH NHS TRUST,R1HKH,WHIPPS CROSS UNIVERSITY HOSPITAL - R1HKH,801,3738,21.4%,92.8%,92.8% (801),R1HKH
201912,R1HM0,R1HM0,R1H,BARTS HEALTH NHS TRUST,R1HM0,ST BARTHOLOMEW'S HOSPITAL - R1HM0,327,1469,22.3%,96.9%,96.9% (327),R1HM0
201912,R1HNH,R1HNH,R1H,BARTS HEALTH NHS TRUST,R1HNH,NEWHAM GENERAL HOSPITAL - R1HNH,307,2185,14.1%,85%,85% (307),R1HNH
201912,R1K01,R1K01,R1K,LONDON NORTH WEST UNIVERSITY HEALTHCARE NHS TRUST,R1K01,NORTHWICK PARK HOSPITAL - R1K01,915,3825,23.9%,95.3%,95.3% (915),R1K01
201912,R1K02,R1K02,R1K,LONDON NORTH WEST UNIVERSITY HEALTHCARE NHS TRUST,R1K02,CENTRAL MIDDLESEX HOSPITAL - R1K02,414,1212,34.2%,95.2%,95.2% (414),R1K02
201912,R1K03,R1K03,R1K,LONDON NORTH WEST UNIVERSITY HEALTHCARE NHS TRUST,R1K03,ST MARKS HOSPITAL - R1K03,171,2036,8.4%,98.2%,98.2% (171),R1K03
201912,R1K04,R1K04,R1K,LONDON NORTH WEST UNIVERSITY HEALTHCARE NHS TRUST,R1K04,EALING HOSPITAL - R1K04,534,1422,37.6%,94.4%,94.4% (534),R1K04
201912,RA201,RA201,RA2,ROYAL SURREY COUNTY HOSPITAL NHS FOUNDATION TRUST,RA201,ROYAL SURREY COUNTY HOSPITAL - RA201,1180,4791,24.6%,96.3%,96.3% (1180),RA201
201912,RA301,RA301,RA3,WESTON AREA HEALTH NHS TRUST,RA301,WESTON GENERAL HOSPITAL - RA301,632,1633,38.7%,97.8%,97.8% (632),RA301
201912,RA430,RA430,RA4,YEOVIL DISTRICT HOSPITAL NHS FOUNDATION TRUST,RA430,YEOVIL DISTRICT HOSPITAL - RA430,522,2114,24.7%,98.3%,98.3% (522),RA430
201912,RA773,RA773,RA7,UNIVERSITY HOSPITALS BRISTOL NHS FOUNDATION TRUST,RA773,SOUTH BRISTOL COMMUNITY HOSPITAL - RA773,178,550,32.4%,98.9%,98.9% (178),RA773
201912,RA7C1,RA701,RA7,UNIVERSITY HOSPITALS BRISTOL NHS FOUNDATION TRUST,RA701,BRISTOL ROYAL INFIRMARY - RA701,955,2750,34.7%,98%,98% (955),RA701
201912,RA901,RA901,RA9,TORBAY AND SOUTH DEVON NHS FOUNDATION TRUST,RA901,TORBAY HOSPITAL - RA901,19,3563,0.5%,94.7%,94.7% (19),RA901
201912,RAE01,RAE01,RAE,BRADFORD TEACHING HOSPITALS NHS FOUNDATION TRUST,RAE01,BRADFORD ROYAL INFIRMARY - RAE01,1955,4863,40.2%,99.5%,99.5% (1955),RAE01
201912,RAE05,RAE05,RAE,BRADFORD TEACHING HOSPITALS NHS FOUNDATION TRUST,RAE05,ST LUKES HOSPITAL - RAE05,276,1237,22.3%,99.6%,99.6% (276),RAE05
201912,RAJ01,RAJ01,RAJ,SOUTHEND UNIVERSITY HOSPITAL NHS FOUNDATION TRUST,RAJ01,SOUTHEND HOSPITAL - RAJ01,1426,5538,25.7%,88.1%,88.1% (1426),RAJ01
201912,RAL01,RAL01,RAL,ROYAL FREE LONDON NHS FOUNDATION TRUST,RAL01,ROYAL FREE HOSPITAL - RAL01,683,1880,36.3%,85.4%,85.4% (683),RAL01
201912,RAL26,RAL26,RAL,ROYAL FREE LONDON NHS FOUNDATION TRUST,RAL26,BARNET HOSPITAL - RAL26,482,1316,36.6%,84%,84% (482),RAL26
201912,RALC7,RALC7,RAL,ROYAL FREE LONDON NHS FOUNDATION TRUST,RALC7,CHASE FARM HOSPITAL - RALC7,118,189,62.4%,92.4%,92.4% (118),RALC7
201912,RAN01,RAN01,RAN,ROYAL NATIONAL ORTHOPAEDIC HOSPITAL NHS TRUST,RAN01,THE ROYAL NATIONAL ORTHOPAEDIC HOSPITAL (STANMORE) - RAN01,191,678,28.2%,96.9%,96.9% (191),RAN01
201912,RAPNM,RAPNM,RAP,NORTH MIDDLESEX UNIVERSITY HOSPITAL NHS TRUST,RAPNM,NORTH MIDDLESEX HOSPITAL - RAPNM,729,3716,19.6%,94.8%,94.8% (729),RAPNM
201912,RAS01,RAS01,RAS,THE HILLINGDON HOSPITALS NHS FOUNDATION TRUST,RAS01,HILLINGDON HOSPITAL - RAS01,800,2563,31.2%,97.3%,97.3% (800),RAS01
201912,RAS02,RAS02,RAS,THE HILLINGDON HOSPITALS NHS FOUNDATION TRUST,RAS02,MOUNT VERNON HOSPITAL SITE - RAS02,309,626,49.4%,98.1%,98.1% (309),RAS02
201912,RAX01,RAX01,RAX,KINGSTON HOSPITAL NHS FOUNDATION TRUST,RAX01,KINGSTON HOSPITAL - RAX01,1101,4522,24.3%,95.9%,95.9% (1101),RAX01
201912,RBA11,RBA11,RBA,TAUNTON AND SOMERSET NHS FOUNDATION TRUST,RBA11,MUSGROVE PARK HOSPITAL - RBA11,1217,5382,22.6%,95.7%,95.7% (1217),RBA11
201912,RBD01,RBD01,RBD,DORSET COUNTY HOSPITAL NHS FOUNDATION TRUST,RBD01,DORSET COUNTY HOSPITAL - RBD01,305,3010,10.1%,98.4%,98.4% (305),RBD01
201912,RBK02,RBK02,RBK,WALSALL HEALTHCARE NHS TRUST,RBK02,MANOR HOSPITAL - RBK02,661,2370,27.9%,95.5%,95.5% (661),RBK02
201912,RBL14,RBL14,RBL,WIRRAL UNIVERSITY TEACHING HOSPITAL NHS FOUNDATION TRUST,RBL14,ARROWE PARK HOSPITAL - RBL14,1222,4225,28.9%,97.1%,97.1% (1222),RBL14
201912,RBL20,RBL20,RBL,WIRRAL UNIVERSITY TEACHING HOSPITAL NHS FOUNDATION TRUST,RBL20,CLATTERBRIDGE HOSPITAL - RBL20,168,927,18.1%,99.4%,99.4% (168),RBL20
201912,RBN01,RBN01,RBN,ST HELENS AND KNOWSLEY TEACHING HOSPITALS NHS TRUST,RBN01,WHISTON HOSPITAL - RBN01,1161,4827,24.1%,94.4%,94.4% (1161),RBN01
201912,RBN02,RBN02,RBN,ST HELENS AND KNOWSLEY TEACHING HOSPITALS NHS TRUST,RBN02,ST HELENS HOSPITAL - RBN02,377,1528,24.7%,97.6%,97.6% (377),RBN02
201912,RBQHQ,RBQHQ,RBQ,LIVERPOOL HEART AND CHEST HOSPITAL NHS FOUNDATION TRUST,RBQHQ,LIVERPOOL HEART AND CHEST HOSPITAL NHS TRUST HQ - RBQHQ,455,876,51.9%,99.3%,99.3% (455),RBQHQ
201912,RBS25,RBS25,RBS,ALDER HEY CHILDREN'S NHS FOUNDATION TRUST,RBS25,ALDER HEY CHILDREN'S NHS FOUNDATION TRUST - RBS25,415,1881,22.1%,95.4%,95.4% (415),RBS25
201912,RBT20,RBT20,RBT,MID CHESHIRE HOSPITALS NHS FOUNDATION TRUST,RBT20,LEIGHTON HOSPITAL - RBT20,1403,4159,33.7%,94%,94% (1403),RBT20
201912,RBV01,RBV01,RBV,THE CHRISTIE NHS FOUNDATION TRUST,RBV01,THE CHRISTIE - RBV01,271,856,31.7%,96.3%,96.3% (271),RBV01
201912,RBZ12,RBZ12,RBZ,NORTHERN DEVON HEALTHCARE NHS TRUST,RBZ12,NORTH DEVON DISTRICT HOSPITAL - RBZ12,536,2364,22.7%,97.9%,97.9% (536),RBZ12
201912,RC110,RC110,RC1,BEDFORD HOSPITAL NHS TRUST,RC110,BEDFORD HOSPITAL SOUTH WING - RC110,855,3859,22.2%,90.4%,90.4% (855),RC110
201912,RC971,RC971,RC9,LUTON AND DUNSTABLE UNIVERSITY HOSPITAL NHS FOUNDATION TRUST,RC971,LUTON & DUNSTABLE HOSPITAL - RC971,1439,5599,25.7%,95.7%,95.7% (1439),RC971
201912,RCBCA,RCBCA,RCB,YORK TEACHING HOSPITAL NHS FOUNDATION TRUST,RCBCA,SCARBOROUGH GENERAL HOSPITAL - RCBCA,673,2716,24.8%,97.9%,97.9% (673),RCBCA
201912,RCBNH,RCBNH,RCB,YORK TEACHING HOSPITAL NHS FOUNDATION TRUST,RCBNH,BRIDLINGTON AND DISTRICT HOSPITAL - RCBNH,124,436,28.4%,99.2%,99.2% (124),RCBNH
201912,RCD01,RCD01,RCD,HARROGATE AND DISTRICT NHS FOUNDATION TRUST,RCD01,HARROGATE DISTRICT HOSPITAL - RCD01,684,3005,22.8%,96.5%,96.5% (684),RCD01
201912,RCF22,RCF22,RCF,AIREDALE NHS FOUNDATION TRUST,RCF22,AIREDALE GENERAL HOSPITAL - RCF22,429,4737,9.1%,97.2%,97.2% (429),RCF22
201912,RCUEF,RCUEF,RCU,SHEFFIELD CHILDREN'S NHS FOUNDATION TRUST,RCUEF,SHEFFIELD CHILDREN'S HOSPITAL - RCUEF,397,2007,19.8%,89.2%,89.2% (397),RCUEF
201912,RCX70,RCX70,RCX,"THE QUEEN ELIZABETH HOSPITAL, KING'S LYNN, NHS FOUNDATION TRUST",RCX70,THE QUEEN ELIZABETH HOSPITAL - RCX70,1303,5370,24.3%,94.5%,94.5% (1303),RCX70
201912,RD130,RD130,RD1,ROYAL UNITED HOSPITALS BATH NHS FOUNDATION TRUST,RD130,ROYAL UNITED HOSPITAL - RD130,845,5401,15.6%,96.7%,96.7% (845),RD130
201912,RD816,RD816,RD8,MILTON KEYNES UNIVERSITY HOSPITAL NHS FOUNDATION TRUST,RD816,MILTON KEYNES HOSPITAL - RD816,565,4027,14%,96.8%,96.8% (565),RD816
201912,RDDH0,RDDH0,RDD,BASILDON AND THURROCK UNIVERSITY HOSPITALS NHS FOUNDATION TRUST,RDDH0,BASILDON UNIVERSITY HOSPITAL - RDDH0,1469,5906,24.9%,96.5%,96.5% (1469),RDDH0
201912,RDE03,RDE03,RDE,EAST SUFFOLK AND NORTH ESSEX NHS FOUNDATION TRUST,RDE03,IPSWICH HOSPITAL - RDE03,1565,5435,28.8%,97.2%,97.2% (1565),RDE03
201912,RDEE4,RDEE4,RDE,EAST SUFFOLK AND NORTH ESSEX NHS FOUNDATION TRUST,RDEE4,COLCHESTER GENERAL HOSPITAL - RDEE4,1916,5072,37.8%,95.4%,95.4% (1916),RDEE4
201912,RDU01,RDU01,RDU,FRIMLEY HEALTH NHS FOUNDATION TRUST,RDU01,FRIMLEY PARK HOSPITAL - RDU01,1587,5777,27.5%,98.3%,98.3% (1587),RDU01
201912,RDU50,RDU50,RDU,FRIMLEY HEALTH NHS FOUNDATION TRUST,RDU50,WEXHAM PARK HOSPITAL - RDU50,458,3308,13.8%,95.2%,95.2% (458),RDU50
201912,RDU52,RDU52,RDU,FRIMLEY HEALTH NHS FOUNDATION TRUST,RDU52,HEATHERWOOD HOSPITAL - RDU52,518,822,63%,99.2%,99.2% (518),RDU52
201912,REF01,REF01,REF,ROYAL CORNWALL HOSPITALS NHS TRUST,REF01,WEST CORNWALL HOSPITAL (PENZANCE) - REF01,42,784,5.4%,100%,100% (42),REF01
201912,REF02,REF02,REF,ROYAL CORNWALL HOSPITALS NHS TRUST,REF02,ST MICHAEL'S HOSPITAL - REF02,125,276,45.3%,100%,100% (125),REF02
201912,REF12,REF12,REF,ROYAL CORNWALL HOSPITALS NHS TRUST,REF12,ROYAL CORNWALL HOSPITAL (TRELISKE) - REF12,1299,5404,24%,97.1%,97.1% (1299),REF12
201912,REM21,REM21,REM,LIVERPOOL UNIVERSITY HOSPITALS NHS FOUNDATION TRUST,REM21,UNIVERSITY HOSPITAL AINTREE - REM21,1196,6460,18.5%,93.1%,93.1% (1196),REM21
201912,REN20,REN20,REN,THE CLATTERBRIDGE CANCER CENTRE NHS FOUNDATION TRUST,REN20,THE CLATTERBRIDGE CANCER CENTRE - REN20,37,185,20%,94.6%,94.6% (37),REN20
201912,REP01,REP01,REP,LIVERPOOL WOMEN'S NHS FOUNDATION TRUST,REP01,LIVERPOOL WOMENS HOSPITAL - REP01,151,784,19.3%,91.4%,91.4% (151),REP01
201912,RET20,RET20,RET,THE WALTON CENTRE NHS FOUNDATION TRUST,RET20,THE WALTON CENTRE NHS FOUNDATION TRUST - RET20,246,743,33.1%,98.4%,98.4% (246),RET20
201912,RF4DG,RF4DG,RF4,"BARKING, HAVERING AND REDBRIDGE UNIVERSITY HOSPITALS NHS TRUST",RF4DG,KING GEORGE HOSPITAL - RF4DG,997,1994,50%,94.2%,94.2% (997),RF4DG
201912,RF4QH,RF4QH,RF4,"BARKING, HAVERING AND REDBRIDGE UNIVERSITY HOSPITALS NHS TRUST",RF4QH,QUEEN'S HOSPITAL - RF4QH,1506,4918,30.6%,95.8%,95.8% (1506),RF4QH
201912,RFFAA,RFFAA,RFF,BARNSLEY HOSPITAL NHS FOUNDATION TRUST,RFFAA,BARNSLEY HOSPITAL NHS FOUNDATION TRUST HQ - RFFAA,623,1970,31.6%,98.9%,98.9% (623),RFFAA
201912,RFRPA,RFRPA,RFR,THE ROTHERHAM NHS FOUNDATION TRUST,RFRPA,ROTHERHAM DISTRICT GENERAL HOSPITAL - RFRPA,572,1611,35.5%,96.5%,96.5% (572),RFRPA
201912,RFSDA,RFSDA,RFS,CHESTERFIELD ROYAL HOSPITAL NHS FOUNDATION TRUST,RFSDA,CHESTERFIELD ROYAL HOSPITAL - RFSDA,761,4001,19%,97.9%,97.9% (761),RFSDA
201912,RGN49,RGN49,RGN,NORTH WEST ANGLIA NHS FOUNDATION TRUST,RGN49,STAMFORD & RUTLAND HOSPITAL - RGN49,48,221,21.7%,100%,100% (48),RGN49
201912,RGN80,RGN80,RGN,NORTH WEST ANGLIA NHS FOUNDATION TRUST,RGN80,PETERBOROUGH CITY HOSPITAL - RGN80,753,5068,14.9%,94.3%,94.3% (753),RGN80
201912,RGN90,RGN90,RGN,NORTH WEST ANGLIA NHS FOUNDATION TRUST,RGN90,HINCHINGBROOKE HOSPITAL - RGN90,531,2630,20.2%,96.8%,96.8% (531),RGN90
201912,RGP75,RGP75,RGP,JAMES PAGET UNIVERSITY HOSPITALS NHS FOUNDATION TRUST,RGP75,JAMES PAGET UNIVERSITY HOSPITAL - RGP75,1049,6348,16.5%,97.7%,97.7% (1049),RGP75
201912,RGR50,RGR50,RGR,WEST SUFFOLK NHS FOUNDATION TRUST,RGR50,WEST SUFFOLK HOSPITAL - RGR50,479,2196,21.8%,97.5%,97.5% (479),RGR50
201912,RGT01,RGT01,RGT,CAMBRIDGE UNIVERSITY HOSPITALS NHS FOUNDATION TRUST,RGT01,ADDENBROOKE'S HOSPITAL - RGT01,2356,8103,29.1%,95.7%,95.7% (2356),RGT01
201912,RH801,RH801,RH8,ROYAL DEVON AND EXETER NHS FOUNDATION TRUST,RH801,ROYAL DEVON & EXETER HOSPITAL (WONFORD) - RH801,510,5877,8.7%,93.7%,93.7% (510),RH801
201912,RHARA,RX1RA,RX1,NOTTINGHAM UNIVERSITY HOSPITALS NHS TRUST,RX1RA,NOTTINGHAM UNIVERSITY HOSPITALS NHS TRUST - QUEEN'S MEDICAL CENTRE CAMPUS - RX1RA,1874,8212,22.8%,95.5%,95.5% (1874),RX1RA
201912,RHM01,RHM01,RHM,UNIVERSITY HOSPITAL SOUTHAMPTON NHS FOUNDATION TRUST,RHM01,SOUTHAMPTON GENERAL HOSPITAL - RHM01,944,10598,8.9%,98.5%,98.5% (944),RHM01
201912,RHM12,RHM12,RHM,UNIVERSITY HOSPITAL SOUTHAMPTON NHS FOUNDATION TRUST,RHM12,PRINCESS ANNE HOSPITAL - RHM12,24,269,8.9%,100%,100% (24),RHM12
201912,RHQHH,RHQHH,RHQ,SHEFFIELD TEACHING HOSPITALS NHS FOUNDATION TRUST,RHQHH,ROYAL HALLAMSHIRE HOSPITAL - RHQHH,1123,5098,22%,96.3%,96.3% (1123),RHQHH
201912,RHQNG,RHQNG,RHQ,SHEFFIELD TEACHING HOSPITALS NHS FOUNDATION TRUST,RHQNG,NORTHERN GENERAL HOSPITAL - RHQNG,1592,5787,27.5%,95.2%,95.2% (1592),RHQNG
201912,RHQWP,RHQWP,RHQ,SHEFFIELD TEACHING HOSPITALS NHS FOUNDATION TRUST,RHQWP,WESTON PARK HOSPITAL - RHQWP,58,318,18.2%,100%,100% (58),RHQWP
201912,RHU03,RHU03,RHU,PORTSMOUTH HOSPITALS NHS TRUST,RHU03,QUEEN ALEXANDRA HOSPITAL - RHU03,2575,8275,31.1%,97.6%,97.6% (2575),RHU03
201912,RHW01,RHW01,RHW,ROYAL BERKSHIRE NHS FOUNDATION TRUST,RHW01,ROYAL BERKSHIRE HOSPITAL - RHW01,1338,5685,23.5%,99.1%,99.1% (1338),RHW01
201912,RHW03,RHW03,RHW,ROYAL BERKSHIRE NHS FOUNDATION TRUST,RHW03,KING EDWARD VII HOSPITAL - RHW03,37,209,17.7%,100%,100% (37),RHW03
201912,RHW05,RHW05,RHW,ROYAL BERKSHIRE NHS FOUNDATION TRUST,RHW05,WEST BERKSHIRE COMMUNITY HOSPITAL - RHW05,115,306,37.6%,100%,100% (115),RHW05
201912,RJ121,RJ121,RJ1,GUY'S AND ST THOMAS' NHS FOUNDATION TRUST,RJ121,GUY'S HOSPITAL - RJ121,555,3349,16.6%,95%,95% (555),RJ121
201912,RJ122,RJ122,RJ1,GUY'S AND ST THOMAS' NHS FOUNDATION TRUST,RJ122,ST THOMAS' HOSPITAL - RJ122,1193,6282,19%,96.1%,96.1% (1193),RJ122
201912,RJ224,RJ224,RJ2,LEWISHAM AND GREENWICH NHS TRUST,RJ224,UNIVERSITY HOSPITAL LEWISHAM - RJ224,533,2651,20.1%,95.5%,95.5% (533),RJ224
201912,RJ231,RJ231,RJ2,LEWISHAM AND GREENWICH NHS TRUST,RJ231,QUEEN ELIZABETH HOSPITAL - RJ231,619,4145,14.9%,92.7%,92.7% (619),RJ231
201912,RJ611,RJ611,RJ6,CROYDON HEALTH SERVICES NHS TRUST,RJ611,CROYDON UNIVERSITY HOSPITAL - RJ611,532,3274,16.2%,82%,82% (532),RJ611
201912,RJ701,RJ701,RJ7,ST GEORGE'S UNIVERSITY HOSPITALS NHS FOUNDATION TRUST,RJ701,ST GEORGE'S HOSPITAL (TOOTING) - RJ701,1633,4622,35.3%,96.9%,96.9% (1633),RJ701
201912,RJ731,RJ731,RJ7,ST GEORGE'S UNIVERSITY HOSPITALS NHS FOUNDATION TRUST,RJ731,ST GEORGES AT QUEEN MARY'S HOSPITAL - RJ731,19,61,31.1%,94.7%,94.7% (19),RJ731
201912,RJC02,RJC02,RJC,SOUTH WARWICKSHIRE NHS FOUNDATION TRUST,RJC02,WARWICK HOSPITAL - RJC02,344,1795,19.2%,91.9%,91.9% (344),RJC02
201912,RJE01,RJE01,RJE,UNIVERSITY HOSPITALS OF NORTH MIDLANDS NHS TRUST,RJE01,ROYAL STOKE UNIVERSITY HOSPITAL - RJE01,1977,9377,21.1%,97.5%,97.5% (1977),RJE01
201912,RJE09,RJE09,RJE,UNIVERSITY HOSPITALS OF NORTH MIDLANDS NHS TRUST,RJE09,COUNTY HOSPITAL - RJE09,553,2218,24.9%,98.9%,98.9% (553),RJE09
201912,RJL30,RJL30,RJL,NORTHERN LINCOLNSHIRE AND GOOLE NHS FOUNDATION TRUST,RJL30,"DIANA, PRINCESS OF WALES HOSPITAL - RJL30",260,3847,6.8%,97.3%,97.3% (260),RJL30
201912,RJL31,RJL31,RJL,NORTHERN LINCOLNSHIRE AND GOOLE NHS FOUNDATION TRUST,RJL31,GOOLE & DISTRICT HOSPITAL (ACUTE) - RJL31,36,467,7.7%,97.2%,97.2% (36),RJL31
201912,RJL32,RJL32,RJL,NORTHERN LINCOLNSHIRE AND GOOLE NHS FOUNDATION TRUST,RJL32,SCUNTHORPE GENERAL HOSPITAL - RJL32,361,3609,10%,97.8%,97.8% (361),RJL32
201912,RJN63,RJN63,RJN,EAST CHESHIRE NHS TRUST,RJN63,CONGLETON WAR MEMORIAL HOSPITAL - RJN63,12,31,38.7%,100%,100% (12),RJN63
201912,RJN71,RJN71,RJN,EAST CHESHIRE NHS TRUST,RJN71,MACCLESFIELD DISTRICT GENERAL HOSPITAL - RJN71,336,1251,26.9%,89.6%,89.6% (336),RJN71
201912,RJR05,RJR05,RJR,COUNTESS OF CHESTER HOSPITAL NHS FOUNDATION TRUST,RJR05,COUNTESS OF CHESTER HOSPITAL - RJR05,851,4755,17.9%,92.6%,92.6% (851),RJR05
201912,RJZ01,RJZ01,RJZ,KING'S COLLEGE HOSPITAL NHS FOUNDATION TRUST,RJZ01,KING'S COLLEGE HOSPITAL (DENMARK HILL) - RJZ01,1232,6983,17.6%,94.8%,94.8% (1232),RJZ01
201912,RJZ30,RJZ30,RJZ,KING'S COLLEGE HOSPITAL NHS FOUNDATION TRUST,RJZ30,PRINCESS ROYAL UNIVERSITY HOSPITAL - RJZ30,657,4500,14.6%,96.2%,96.2% (657),RJZ30
201912,RK5BC,RK5BC,RK5,SHERWOOD FOREST HOSPITALS NHS FOUNDATION TRUST,RK5BC,KING'S MILL HOSPITAL - RK5BC,1500,5223,28.7%,97.3%,97.3% (1500),RK5BC
201912,RK5HP,RK5HP,RK5,SHERWOOD FOREST HOSPITALS NHS FOUNDATION TRUST,RK5HP,NEWARK HOSPITAL - RK5HP,197,634,31.1%,98%,98% (197),RK5HP
201912,RK950,RK950,RK9,UNIVERSITY HOSPITALS PLYMOUTH NHS TRUST,RK950,DERRIFORD HOSPITAL - RK950,2275,5907,38.5%,98%,98% (2275),RK950
201912,RKB01,RKB01,RKB,UNIVERSITY HOSPITALS COVENTRY AND WARWICKSHIRE NHS TRUST,RKB01,UNIVERSITY HOSPITAL (COVENTRY) - RKB01,2452,11589,21.2%,91.2%,91.2% (2452),RKB01
201912,RKB03,RKB03,RKB,UNIVERSITY HOSPITALS COVENTRY AND WARWICKSHIRE NHS TRUST,RKB03,HOSPITAL OF ST CROSS - RKB03,120,258,46.5%,93.3%,93.3% (120),RKB03
201912,RKEQ4,RKEQ4,RKE,WHITTINGTON HEALTH NHS TRUST,RKEQ4,THE WHITTINGTON HOSPITAL - RKEQ4,629,2498,25.2%,97.8%,97.8% (629),RKEQ4
201912,RL131,RL131,RL1,THE ROBERT JONES AND AGNES HUNT ORTHOPAEDIC HOSPITAL NHS FOUNDATION TRUST,RL131,ROBERT JONES & AGNES HUNT ORTHOPAEDIC HOSPITAL - RL131,508,1084,46.9%,98.8%,98.8% (508),RL131
201912,RL403,RL403,RL4,THE ROYAL WOLVERHAMPTON NHS TRUST,RL403,NEW CROSS HOSPITAL - RL403,1005,4614,21.8%,95.3%,95.3% (1005),RL403
201912,RL4TC,RL4TC,RL4,THE ROYAL WOLVERHAMPTON NHS TRUST,RL4TC,CANNOCK CHASE HOSPITAL - RL4TC,173,419,41.3%,95.4%,95.4% (173),RL4TC
201912,RLQ01,RLQ01,RLQ,WYE VALLEY NHS TRUST,RLQ01,HEREFORD COUNTY HOSPITAL - RLQ01,855,3559,24%,96%,96% (855),RLQ01
201912,RLT01,RLT01,RLT,GEORGE ELIOT HOSPITAL NHS TRUST,RLT01,GEORGE ELIOT HOSPITAL - ACUTE SERVICES - RLT01,303,1073,28.2%,86.5%,86.5% (303),RLT01
201912,RM102,RM102,RM1,NORFOLK AND NORWICH UNIVERSITY HOSPITALS NHS FOUNDATION TRUST,RM102,NORFOLK & NORWICH UNIVERSITY HOSPITAL - RM102,616,11486,5.4%,95.1%,95.1% (616),RM102
201912,RM301,RM301,RM3,SALFORD ROYAL NHS FOUNDATION TRUST,RM301,SALFORD ROYAL - RM301,466,2549,18.3%,91.6%,91.6% (466),RM301
201912,RMC01,RMC01,RMC,BOLTON NHS FOUNDATION TRUST,RMC01,ROYAL BOLTON HOSPITAL - RMC01,1103,4403,25.1%,96.2%,96.2% (1103),RMC01
201912,RMP01,RMP01,RMP,TAMESIDE AND GLOSSOP INTEGRATED CARE NHS FOUNDATION TRUST,RMP01,TAMESIDE GENERAL HOSPITAL - RMP01,654,2904,22.5%,96.5%,96.5% (654),RMP01
201912,RN325,RN325,RN3,GREAT WESTERN HOSPITALS NHS FOUNDATION TRUST,RN325,THE GREAT WESTERN HOSPITAL - RN325,170,3814,4.5%,92.9%,92.9% (170),RN325
201912,RN506,RN506,RN5,HAMPSHIRE HOSPITALS NHS FOUNDATION TRUST,RN506,BASINGSTOKE AND NORTH HAMPSHIRE HOSPITAL - RN506,1208,4869,24.8%,96.8%,96.8% (1208),RN506
201912,RN541,RN541,RN5,HAMPSHIRE HOSPITALS NHS FOUNDATION TRUST,RN541,ROYAL HAMPSHIRE COUNTY HOSPITAL - RN541,746,3667,20.3%,97.3%,97.3% (746),RN541
201912,RN542,RN542,RN5,HAMPSHIRE HOSPITALS NHS FOUNDATION TRUST,RN542,ANDOVER WAR MEMORIAL HOSPITAL - RN542,118,206,57.3%,99.2%,99.2% (118),RN542
201912,RN707,RN707,RN7,DARTFORD AND GRAVESHAM NHS TRUST,RN707,DARENT VALLEY HOSPITAL - RN707,548,5690,9.6%,98.2%,98.2% (548),RN707
201912,RNA01,RNA01,RNA,THE DUDLEY GROUP NHS FOUNDATION TRUST,RNA01,RUSSELLS HALL HOSPITAL - RNA01,1644,5358,30.7%,94.7%,94.7% (1644),RNA01
201912,RNQ51,RNQ51,RNQ,KETTERING GENERAL HOSPITAL NHS FOUNDATION TRUST,RNQ51,KETTERING GENERAL HOSPITAL - RNQ51,726,5084,14.3%,94.5%,94.5% (726),RNQ51
201912,RNS01,RNS01,RNS,NORTHAMPTON GENERAL HOSPITAL NHS TRUST,RNS01,NORTHAMPTON GENERAL HOSPITAL (ACUTE) - RNS01,1699,6343,26.8%,93.6%,93.6% (1699),RNS01
201912,RNZ02,RNZ02,RNZ,SALISBURY NHS FOUNDATION TRUST,RNZ02,SALISBURY DISTRICT HOSPITAL - RNZ02,233,3073,7.6%,96.6%,96.6% (233),RNZ02
201912,RP401,RP401,RP4,GREAT ORMOND STREET HOSPITAL FOR CHILDREN NHS FOUNDATION TRUST,RP401,GREAT ORMOND STREET HOSPITAL CENTRAL LONDON SITE - RP401,642,2993,21.5%,97.4%,97.4% (642),RP401
201912,RP5BA,RP5BA,RP5,DONCASTER AND BASSETLAW TEACHING HOSPITALS NHS FOUNDATION TRUST,RP5BA,BASSETLAW HOSPITAL - RP5BA,192,930,20.6%,99.5%,99.5% (192),RP5BA
201912,RP5DR,RP5DR,RP5,DONCASTER AND BASSETLAW TEACHING HOSPITALS NHS FOUNDATION TRUST,RP5DR,DONCASTER ROYAL INFIRMARY - RP5DR,607,4493,13.5%,98.4%,98.4% (607),RP5DR
201912,RP5MM,RP5MM,RP5,DONCASTER AND BASSETLAW TEACHING HOSPITALS NHS FOUNDATION TRUST,RP5MM,MONTAGU HOSPITAL - RP5MM,183,255,71.8%,98.9%,98.9% (183),RP5MM
201912,RP601,RP601,RP6,MOORFIELDS EYE HOSPITAL NHS FOUNDATION TRUST,RP601,MOORFIELDS EYE HOSPITAL (CITY ROAD CAMPUS) - RP601,465,1341,34.7%,94.6%,94.6% (465),RP601
201912,RP603,RP603,RP6,MOORFIELDS EYE HOSPITAL NHS FOUNDATION TRUST,RP603,MOORFIELDS EYE UNIT AT ST ANN'S HOSPITAL - RP603,88,253,34.8%,95.5%,95.5% (88),RP603
201912,RP604,RP604,RP6,MOORFIELDS EYE HOSPITAL NHS FOUNDATION TRUST,RP604,MOORFIELDS EYE CENTRE AT ST GEORGE'S HOSPITAL - RP604,80,255,31.4%,97.5%,97.5% (80),RP604
201912,RP606,RP606,RP6,MOORFIELDS EYE HOSPITAL NHS FOUNDATION TRUST,RP606,MOORFIELDS EYE CENTRE AT NORTHWICK PARK HOSPITAL - RP606,190,248,76.6%,97.4%,97.4% (190),RP606
201912,RP607,RP607,RP6,MOORFIELDS EYE HOSPITAL NHS FOUNDATION TRUST,RP607,MOORFIELDS EYE UNITAT MILE END HOSPITAL - RP607,33,87,37.9%,97%,97% (33),RP607
201912,RP608,RP608,RP6,MOORFIELDS EYE HOSPITAL NHS FOUNDATION TRUST,RP608,MOORFIELDS EYE CENTRE AT CROYDON UNIVERSITY HOSPITAL - RP608,178,217,82%,97.2%,97.2% (178),RP608
201912,RP610,RP610,RP6,MOORFIELDS EYE HOSPITAL NHS FOUNDATION TRUST,RP610,MOORFIELDS EYE CENTRE AT EALING HOSPITAL - RP610,46,184,25%,100%,100% (46),RP610
201912,RP627,RP627,RP6,MOORFIELDS EYE HOSPITAL NHS FOUNDATION TRUST,RP627,MOORFIELDS EYE UNIT AT DARENT VALLEY HOSPITAL - RP627,25,77,32.5%,100%,100% (25),RP627
201912,RPA02,RPA02,RPA,MEDWAY NHS FOUNDATION TRUST,RPA02,MEDWAY MARITIME HOSPITAL - RPA02,1095,5423,20.2%,87.7%,87.7% (1095),RPA02
201912,RPC04,RPC04,RPC,QUEEN VICTORIA HOSPITAL NHS FOUNDATION TRUST,RPC04,QUEEN VICTORIA HOSPITAL (EAST GRINSTEAD) - RPC04,205,510,40.2%,97.6%,97.6% (205),RPC04
201912,RPY01,RPY01,RPY,THE ROYAL MARSDEN NHS FOUNDATION TRUST,RPY01,THE ROYAL MARSDEN HOSPITAL (LONDON) - RPY01,104,482,21.6%,100%,100% (104),RPY01
201912,RPY02,RPY02,RPY,THE ROYAL MARSDEN NHS FOUNDATION TRUST,RPY02,THE ROYAL MARSDEN HOSPITAL (SURREY) - RPY02,31,416,7.5%,100%,100% (31),RPY02
201912,RQ301,RQ301,RQ3,BIRMINGHAM WOMEN'S AND CHILDREN'S NHS FOUNDATION TRUST,RQ301,BIRMINGHAM CHILDREN'S HOSPITAL - RQ301,674,2209,30.5%,99.6%,99.6% (674),RQ301
201912,RQ370,RQ370,RQ3,BIRMINGHAM WOMEN'S AND CHILDREN'S NHS FOUNDATION TRUST,RQ370,BIRMINGHAM WOMEN'S HOSPITAL - RQ370,38,297,12.8%,97.4%,97.4% (38),RQ370
201912,RQ8L0,RQ8L0,RQ8,MID ESSEX HOSPITAL SERVICES NHS TRUST,RQ8L0,BROOMFIELD HOSPITAL - RQ8L0,1670,7201,23.2%,93.4%,93.4% (1670),RQ8L0
201912,RQM01,RQM01,RQM,CHELSEA AND WESTMINSTER HOSPITAL NHS FOUNDATION TRUST,RQM01,CHELSEA & WESTMINSTER HOSPITAL - RQM01,250,2570,9.7%,87.6%,87.6% (250),RQM01
201912,RQM91,RQM91,RQM,CHELSEA AND WESTMINSTER HOSPITAL NHS FOUNDATION TRUST,RQM91,WEST MIDDLESEX UNIVERSITY HOSPITAL - RQM91,547,3305,16.6%,95.2%,95.2% (547),RQM91
201912,RQWG0,RQWG0,RQW,THE PRINCESS ALEXANDRA HOSPITAL NHS TRUST,RQWG0,PRINCESS ALEXANDRA HOSPITAL - RQWG0,556,1819,30.6%,99.8%,99.8% (556),RQWG0
201912,RQXM1,RQXM1,RQX,HOMERTON UNIVERSITY HOSPITAL NHS FOUNDATION TRUST,RQXM1,HOMERTON UNIVERSITY HOSPITAL - RQXM1,424,3217,13.2%,94.3%,94.3% (424),RQXM1
201912,RR7EN,RR7EN,RR7,GATESHEAD HEALTH NHS FOUNDATION TRUST,RR7EN,QUEEN ELIZABETH HOSPITAL - RR7EN,855,4526,18.9%,97.4%,97.4% (855),RR7EN
201912,RR801,RR801,RR8,LEEDS TEACHING HOSPITALS NHS TRUST,RR801,LEEDS GENERAL INFIRMARY - RR801,2355,5554,42.4%,96.9%,96.9% (2355),RR801
201912,RR802,RR802,RR8,LEEDS TEACHING HOSPITALS NHS TRUST,RR802,LEEDS DENTAL HOSPITAL - RR802,128,130,98.5%,99.2%,99.2% (128),RR802
201912,RR807,RR807,RR8,LEEDS TEACHING HOSPITALS NHS TRUST,RR807,WHARFEDALE HOSPITAL - RR807,231,437,52.9%,97.4%,97.4% (231),RR807
201912,RR813,RR813,RR8,LEEDS TEACHING HOSPITALS NHS TRUST,RR813,ST JAMES'S UNIVERSITY HOSPITAL - RR813,2996,7451,40.2%,95.1%,95.1% (2996),RR813
201912,RR819,RR819,RR8,LEEDS TEACHING HOSPITALS NHS TRUST,RR819,CHAPEL ALLERTON HOSPITAL - RR819,335,1210,27.7%,97.6%,97.6% (335),RR819
201912,RRF01,RRF01,RRF,"WRIGHTINGTON, WIGAN AND LEIGH NHS FOUNDATION TRUST",RRF01,LEIGH INFIRMARY - RRF01,82,273,30%,98.8%,98.8% (82),RRF01
201912,RRF02,RRF02,RRF,"WRIGHTINGTON, WIGAN AND LEIGH NHS FOUNDATION TRUST",RRF02,ROYAL ALBERT EDWARD INFIRMARY - RRF02,435,3219,13.5%,95.2%,95.2% (435),RRF02
201912,RRF53,RRF53,RRF,"WRIGHTINGTON, WIGAN AND LEIGH NHS FOUNDATION TRUST",RRF53,WRIGHTINGTON HOSPITAL - RRF53,166,825,20.1%,97.6%,97.6% (166),RRF53
201912,RRJ05,RRJ05,RRJ,THE ROYAL ORTHOPAEDIC HOSPITAL NHS FOUNDATION TRUST,RRJ05,ROYAL ORTHOPAEDIC HOSPITAL - RRJ05,286,1018,28.1%,96.5%,96.5% (286),RRJ05
201912,RRK15,RRK15,RRK,UNIVERSITY HOSPITALS BIRMINGHAM NHS FOUNDATION TRUST,RRK15,QUEEN ELIZABETH HOSPITAL BIRMINGHAM - RRK15,793,4643,17.1%,93.4%,93.4% (793),RRK15
201912,RRKX2,RRK99,RRK,UNIVERSITY HOSPITALS BIRMINGHAM NHS FOUNDATION TRUST,RRK99,SOLIHULL HOSPITAL - RRK99,182,3117,5.8%,96.7%,96.7% (182),RRK99
201912,RRKX3,RRK98,RRK,UNIVERSITY HOSPITALS BIRMINGHAM NHS FOUNDATION TRUST,RRK98,GOOD HOPE HOSPITAL - RRK98,331,4845,6.8%,93.7%,93.7% (331),RRK98
201912,RRV03,RRV03,RRV,UNIVERSITY COLLEGE LONDON HOSPITALS NHS FOUNDATION TRUST,RRV03,UNIVERSITY COLLEGE HOSPITAL - RRV03,1074,6770,15.9%,95.3%,95.3% (1074),RRV03
201912,RRVNQ,RRVNQ,RRV,UNIVERSITY COLLEGE LONDON HOSPITALS NHS FOUNDATION TRUST,RRVNQ,NATIONAL HOSPITAL FOR NEUROLOGY & NEUROSURGERY - QUEEN SQUARE - RRVNQ,464,1548,30%,96.8%,96.8% (464),RRVNQ
201912,RRVRN,RRVRN,RRV,UNIVERSITY COLLEGE LONDON HOSPITALS NHS FOUNDATION TRUST,RRVRN,"ROYAL NATIONAL THROAT, NOSE & EAR HOSPITAL - RRVRN",82,314,26.1%,96.3%,96.3% (82),RRVRN
201912,RT301,RT301,RT3,ROYAL BROMPTON & HAREFIELD NHS FOUNDATION TRUST,RT301,HAREFIELD HOSPITAL - RT301,185,531,34.8%,92.4%,92.4% (185),RT301
201912,RT302,RT302,RT3,ROYAL BROMPTON & HAREFIELD NHS FOUNDATION TRUST,RT302,ROYAL BROMPTON HOSPITAL - RT302,660,2299,28.7%,95.3%,95.3% (660),RT302
201912,RTD01,RTD01,RTD,THE NEWCASTLE UPON TYNE HOSPITALS NHS FOUNDATION TRUST,RTD01,FREEMAN HOSPITAL - RTD01,508,4270,11.9%,97.2%,97.2% (508),RTD01
201912,RTD02,RTD02,RTD,THE NEWCASTLE UPON TYNE HOSPITALS NHS FOUNDATION TRUST,RTD02,THE ROYAL VICTORIA INFIRMARY - RTD02,578,9441,6.1%,96.7%,96.7% (578),RTD02
201912,RTE01,RTE01,RTE,GLOUCESTERSHIRE HOSPITALS NHS FOUNDATION TRUST,RTE01,CHELTENHAM GENERAL HOSPITAL - RTE01,469,2231,21%,93.2%,93.2% (469),RTE01
201912,RTE03,RTE03,RTE,GLOUCESTERSHIRE HOSPITALS NHS FOUNDATION TRUST,RTE03,GLOUCESTERSHIRE ROYAL HOSPITAL - RTE03,564,3392,16.6%,88.1%,88.1% (564),RTE03
201912,RTF86,RTF86,RTF,NORTHUMBRIA HEALTHCARE NHS FOUNDATION TRUST,RTF86,NORTHUMBRIA SPECIALIST EMERGENCY CARE HOSPITAL - RTF86,140,5621,2.5%,87.1%,87.1% (140),RTF86
201912,RTFDR,RTFDR,RTF,NORTHUMBRIA HEALTHCARE NHS FOUNDATION TRUST,RTFDR,HEXHAM GENERAL HOSPITAL - RTFDR,120,854,14.1%,100%,100% (120),RTFDR
201912,RTFFS,RTFFS,RTF,NORTHUMBRIA HEALTHCARE NHS FOUNDATION TRUST,RTFFS,NORTH TYNESIDE GENERAL HOSPITAL - RTFFS,165,2174,7.6%,99.4%,99.4% (165),RTFFS
201912,RTG50,RTG50,RTG,UNIVERSITY HOSPITALS OF DERBY AND BURTON NHS FOUNDATION TRUST,RTG50,SIR ROBERT PEEL COMMUNITY HOSPITAL - RTG50,18,324,5.6%,94.4%,94.4% (18),RTG50
201912,RTG54,RTG54,RTG,UNIVERSITY HOSPITALS OF DERBY AND BURTON NHS FOUNDATION TRUST,RTG54,SAMUEL JOHNSON COMMUNITY HOSPITAL - RTG54,43,81,53.1%,97.7%,97.7% (43),RTG54
201912,RTGFG,RTGFG,RTG,UNIVERSITY HOSPITALS OF DERBY AND BURTON NHS FOUNDATION TRUST,RTGFG,ROYAL DERBY HOSPITAL - RTGFG,1093,13526,8.1%,97.1%,97.1% (1093),RTGFG
201912,RTH02,RTH02,RTH,OXFORD UNIVERSITY HOSPITALS NHS FOUNDATION TRUST,RTH02,CHURCHILL HOSPITAL - RTH02,455,2151,21.2%,96.5%,96.5% (455),RTH02
201912,RTH03,RTH03,RTH,OXFORD UNIVERSITY HOSPITALS NHS FOUNDATION TRUST,RTH03,NUFFIELD ORTHOPAEDIC CENTRE - RTH03,175,836,20.9%,97.7%,97.7% (175),RTH03
201912,RTH05,RTH05,RTH,OXFORD UNIVERSITY HOSPITALS NHS FOUNDATION TRUST,RTH05,HORTON GENERAL HOSPITAL - RTH05,353,1617,21.8%,95.2%,95.2% (353),RTH05
201912,RTH08,RTH08,RTH,OXFORD UNIVERSITY HOSPITALS NHS FOUNDATION TRUST,RTH08,JOHN RADCLIFFE HOSPITAL - RTH08,1306,7962,16.4%,95.3%,95.3% (1306),RTH08
201912,RTK01,RTK01,RTK,ASHFORD AND ST PETER'S HOSPITALS NHS FOUNDATION TRUST,RTK01,ST PETER'S HOSPITAL - RTK01,62,4611,1.3%,98.4%,98.4% (62),RTK01
201912,RTK02,RTK02,RTK,ASHFORD AND ST PETER'S HOSPITALS NHS FOUNDATION TRUST,RTK02,ASHFORD HOSPITAL - RTK02,148,979,15.1%,98.6%,98.6% (148),RTK02
201912,RTP02,RTP02,RTP,SURREY AND SUSSEX HEALTHCARE NHS TRUST,RTP02,CRAWLEY HOSPITAL - RTP02,48,408,11.8%,97.9%,97.9% (48),RTP02
201912,RTP04,RTP04,RTP,SURREY AND SUSSEX HEALTHCARE NHS TRUST,RTP04,EAST SURREY HOSPITAL - RTP04,1054,4208,25%,95.4%,95.4% (1054),RTP04
201912,RTR45,RTR45,RTR,SOUTH TEES HOSPITALS NHS FOUNDATION TRUST,RTR45,FRIARAGE HOSPITAL SITE - RTR45,159,623,25.5%,97.5%,97.5% (159),RTR45
201912,RTRAT,RTRAT,RTR,SOUTH TEES HOSPITALS NHS FOUNDATION TRUST,RTRAT,THE JAMES COOK UNIVERSITY HOSPITAL - RTRAT,792,3464,22.9%,97.1%,97.1% (792),RTRAT
201912,RTX02,RTX02,RTX,UNIVERSITY HOSPITALS OF MORECAMBE BAY NHS FOUNDATION TRUST,RTX02,ROYAL LANCASTER INFIRMARY - RTX02,717,1826,39.3%,93.9%,93.9% (717),RTX02
201912,RTXBU,RTXBU,RTX,UNIVERSITY HOSPITALS OF MORECAMBE BAY NHS FOUNDATION TRUST,RTXBU,FURNESS GENERAL HOSPITAL - RTXBU,382,1049,36.4%,93.2%,93.2% (382),RTXBU
201912,RTXBW,RTXBW,RTX,UNIVERSITY HOSPITALS OF MORECAMBE BAY NHS FOUNDATION TRUST,RTXBW,WESTMORLAND GENERAL HOSPITAL - RTXBW,1173,3615,32.4%,97.1%,97.1% (1173),RTXBW
201912,RVJ01,RVJ01,RVJ,NORTH BRISTOL NHS TRUST,RVJ01,SOUTHMEAD HOSPITAL - RVJ01,1327,7496,17.7%,93.6%,93.6% (1327),RVJ01
201912,RVR05,RVR05,RVR,EPSOM AND ST HELIER UNIVERSITY HOSPITALS NHS TRUST,RVR05,ST HELIER HOSPITAL - RVR05,948,3634,26.1%,90.3%,90.3% (948),RVR05
201912,RVR50,RVR50,RVR,EPSOM AND ST HELIER UNIVERSITY HOSPITALS NHS TRUST,RVR50,EPSOM HOSPITAL - RVR50,854,2456,34.8%,93.8%,93.8% (854),RVR50
201912,RVV01,RVV01,RVV,EAST KENT HOSPITALS UNIVERSITY NHS FOUNDATION TRUST,RVV01,WILLIAM HARVEY HOSPITAL (ASHFORD) - RVV01,569,2763,20.6%,95.1%,95.1% (569),RVV01
201912,RVV03,RVV03,RVV,EAST KENT HOSPITALS UNIVERSITY NHS FOUNDATION TRUST,RVV03,ROYAL VICTORIA HOSPITAL (FOLKESTONE) - RVV03,67,284,23.6%,95.5%,95.5% (67),RVV03
201912,RVV09,RVV09,RVV,EAST KENT HOSPITALS UNIVERSITY NHS FOUNDATION TRUST,RVV09,QUEEN ELIZABETH THE QUEEN MOTHER HOSPITAL - RVV09,437,2279,19.2%,94.5%,94.5% (437),RVV09
201912,RVVKC,RVVKC,RVV,EAST KENT HOSPITALS UNIVERSITY NHS FOUNDATION TRUST,RVVKC,KENT & CANTERBURY HOSPITAL - RVVKC,685,3124,21.9%,94.3%,94.3% (685),RVVKC
201912,RVWAA,RVWAA,RVW,NORTH TEES AND HARTLEPOOL NHS FOUNDATION TRUST,RVWAA,UNIVERSITY HOSPITAL OF HARTLEPOOL - RVWAA,288,871,33.1%,98.3%,98.3% (288),RVWAA
201912,RVWAE,RVWAE,RVW,NORTH TEES AND HARTLEPOOL NHS FOUNDATION TRUST,RVWAE,UNIVERSITY HOSPITAL OF NORTH TEES - RVWAE,305,4379,7%,97.4%,97.4% (305),RVWAE
201912,RVY01,RVY01,RVY,SOUTHPORT AND ORMSKIRK HOSPITAL NHS TRUST,RVY01,SOUTHPORT & FORMBY DISTRICT GENERAL HOSPITAL - RVY01,204,1320,15.5%,94.6%,94.6% (204),RVY01
201912,RW601,RW601,RW6,PENNINE ACUTE HOSPITALS NHS TRUST,RW601,FAIRFIELD GENERAL HOSPITAL - RW601,718,3108,23.1%,90.7%,90.7% (718),RW601
201912,RW602,RW602,RW6,PENNINE ACUTE HOSPITALS NHS TRUST,RW602,NORTH MANCHESTER GENERAL HOSPITAL - RW602,544,2295,23.7%,89.5%,89.5% (544),RW602
201912,RW603,RW603,RW6,PENNINE ACUTE HOSPITALS NHS TRUST,RW603,ROYAL OLDHAM HOSPITAL - RW603,490,3399,14.4%,90.6%,90.6% (490),RW603
201912,RW604,RW604,RW6,PENNINE ACUTE HOSPITALS NHS TRUST,RW604,ROCHDALE INFIRMARY - RW604,536,2327,23%,92.4%,92.4% (536),RW604
201912,RWA01,RWA01,RWA,HULL UNIVERSITY TEACHING HOSPITALS NHS TRUST,RWA01,HULL ROYAL INFIRMARY - RWA01,435,4623,9.4%,98.9%,98.9% (435),RWA01
201912,RWA16,RWA16,RWA,HULL UNIVERSITY TEACHING HOSPITALS NHS TRUST,RWA16,CASTLE HILL HOSPITAL - RWA16,606,3788,16%,99.5%,99.5% (606),RWA16
201912,RWDAA,RWDAA,RWD,UNITED LINCOLNSHIRE HOSPITALS NHS TRUST,RWDAA,COUNTY HOSPITAL LOUTH - RWDAA,102,263,38.8%,100%,100% (102),RWDAA
201912,RWDDA,RWDDA,RWD,UNITED LINCOLNSHIRE HOSPITALS NHS TRUST,RWDDA,LINCOLN COUNTY HOSPITAL - RWDDA,1025,4906,20.9%,93.9%,93.9% (1025),RWDDA
201912,RWDLA,RWDLA,RWD,UNITED LINCOLNSHIRE HOSPITALS NHS TRUST,RWDLA,PILGRIM HOSPITAL - RWDLA,667,3193,20.9%,89.4%,89.4% (667),RWDLA
201912,RWDLP,RWDLP,RWD,UNITED LINCOLNSHIRE HOSPITALS NHS TRUST,RWDLP,GRANTHAM & DISTRICT HOSPITAL - RWDLP,234,901,26%,96.6%,96.6% (234),RWDLP
201912,RWEAA,RWEAA,RWE,UNIVERSITY HOSPITALS OF LEICESTER NHS TRUST,RWEAA,LEICESTER ROYAL INFIRMARY - RWEAA,1943,8317,23.4%,96.2%,96.2% (1943),RWEAA
201912,RWEAE,RWEAE,RWE,UNIVERSITY HOSPITALS OF LEICESTER NHS TRUST,RWEAE,GLENFIELD HOSPITAL - RWEAE,917,4074,22.5%,96.6%,96.6% (917),RWEAE
201912,RWEAK,RWEAK,RWE,UNIVERSITY HOSPITALS OF LEICESTER NHS TRUST,RWEAK,LEICESTER GENERAL HOSPITAL - RWEAK,885,4131,21.4%,96.6%,96.6% (885),RWEAK
201912,RWELS,RWELS,RWE,UNIVERSITY HOSPITALS OF LEICESTER NHS TRUST,RWELS,ST LUKES HOSPITAL - RWELS,34,89,38.2%,100%,100% (34),RWELS
201912,RWF03,RWF03,RWF,MAIDSTONE AND TUNBRIDGE WELLS NHS TRUST,RWF03,THE MAIDSTONE HOSPITAL - RWF03,452,2854,15.8%,97.1%,97.1% (452),RWF03
201912,RWFTW,RWFTW,RWF,MAIDSTONE AND TUNBRIDGE WELLS NHS TRUST,RWFTW,THE TUNBRIDGE WELLS HOSPITAL - RWFTW,582,3190,18.2%,96%,96% (582),RWFTW
201912,RWG02,RWG02,RWG,WEST HERTFORDSHIRE HOSPITALS NHS TRUST,RWG02,WATFORD GENERAL HOSPITAL - RWG02,924,5332,17.3%,95.1%,95.1% (924),RWG02
201912,RWG03,RWG03,RWG,WEST HERTFORDSHIRE HOSPITALS NHS TRUST,RWG03,ST ALBANS CITY HOSPITAL - RWG03,231,769,30%,99.6%,99.6% (231),RWG03
201912,RWG08,RWG08,RWG,WEST HERTFORDSHIRE HOSPITALS NHS TRUST,RWG08,HEMEL HEMPSTEAD HOSPITAL - RWG08,77,686,11.2%,98.7%,98.7% (77),RWG08
201912,RWH01,RWH01,RWH,EAST AND NORTH HERTFORDSHIRE NHS TRUST,RWH01,LISTER HOSPITAL - RWH01,1667,3968,42%,95.9%,95.9% (1667),RWH01
201912,RWH04,RWH04,RWH,EAST AND NORTH HERTFORDSHIRE NHS TRUST,RWH04,MOUNT VERNON CANCER CENTRE - RWH04,36,81,44.4%,100%,100% (36),RWH04
201912,RWH20,RWH20,RWH,EAST AND NORTH HERTFORDSHIRE NHS TRUST,RWH20,QUEEN ELIZABETH I I HOSPITAL - RWH20,144,256,56.3%,100%,100% (144),RWH20
201912,RWJ09,RWJ09,RWJ,STOCKPORT NHS FOUNDATION TRUST,RWJ09,STEPPING HILL HOSPITAL - RWJ09,1111,5411,20.5%,94.4%,94.4% (1111),RWJ09
201912,RWP01,RWP01,RWP,WORCESTERSHIRE ACUTE HOSPITALS NHS TRUST,RWP01,ALEXANDRA HOSPITAL - RWP01,1299,3456,37.6%,96.3%,96.3% (1299),RWP01
201912,RWP31,RWP31,RWP,WORCESTERSHIRE ACUTE HOSPITALS NHS TRUST,RWP31,KIDDERMINSTER HOSPITAL - RWP31,665,1962,33.9%,100%,100% (665),RWP31
201912,RWP50,RWP50,RWP,WORCESTERSHIRE ACUTE HOSPITALS NHS TRUST,RWP50,WORCESTERSHIRE ROYAL HOSPITAL - RWP50,2050,6133,33.4%,93.3%,93.3% (2050),RWP50
201912,RWWHG,RWWHG,RWW,WARRINGTON AND HALTON TEACHING HOSPITALS NHS FOUNDATION TRUST,RWWHG,HALTON HOSPITAL - RWWHG,356,1111,32%,96.3%,96.3% (356),RWWHG
201912,RWWWH,RWWWH,RWW,WARRINGTON AND HALTON TEACHING HOSPITALS NHS FOUNDATION TRUST,RWWWH,WARRINGTON HOSPITAL - RWWWH,759,3009,25.2%,96.3%,96.3% (759),RWWWH
201912,RWY01,RWY01,RWY,CALDERDALE AND HUDDERSFIELD NHS FOUNDATION TRUST,RWY01,HUDDERSFIELD ROYAL INFIRMARY - RWY01,1377,4320,31.9%,95.2%,95.2% (1377),RWY01
201912,RWY02,RWY02,RWY,CALDERDALE AND HUDDERSFIELD NHS FOUNDATION TRUST,RWY02,CALDERDALE ROYAL HOSPITAL - RWY02,982,4008,24.5%,96.5%,96.5% (982),RWY02
201912,RX1CC,RX1CC,RX1,NOTTINGHAM UNIVERSITY HOSPITALS NHS TRUST,RX1CC,NOTTINGHAM UNIVERSITY HOSPITALS NHS TRUST - CITY CAMPUS - RX1CC,995,3599,27.6%,98.3%,98.3% (995),RX1CC
201912,RX1RA,RX1RA,RX1,NOTTINGHAM UNIVERSITY HOSPITALS NHS TRUST,RX1RA,NOTTINGHAM UNIVERSITY HOSPITALS NHS TRUST - QUEEN'S MEDICAL CENTRE CAMPUS - RX1RA,1874,8212,22.8%,95.5%,95.5% (1874),RX1RA
201912,RXC01,RXC01,RXC,EAST SUSSEX HEALTHCARE NHS TRUST,RXC01,CONQUEST HOSPITAL - RXC01,1030,2826,36.4%,97%,97% (1030),RXC01
201912,RXC02,RXC02,RXC,EAST SUSSEX HEALTHCARE NHS TRUST,RXC02,EASTBOURNE DISTRICT GENERAL HOSPITAL - RXC02,1187,2670,44.5%,98.6%,98.6% (1187),RXC02
201912,RXC03,RXC03,RXC,EAST SUSSEX HEALTHCARE NHS TRUST,RXC03,BEXHILL HOSPITAL - RXC03,45,165,27.3%,100%,100% (45),RXC03
201912,RXF03,RXF03,RXF,MID YORKSHIRE HOSPITALS NHS TRUST,RXF03,PONTEFRACT GENERAL INFIRMARY - RXF03,469,1163,40.3%,99.8%,99.8% (469),RXF03
201912,RXF05,RXF05,RXF,MID YORKSHIRE HOSPITALS NHS TRUST,RXF05,PINDERFIELDS GENERAL HOSPITAL - RXF05,1207,5987,20.2%,93.9%,93.9% (1207),RXF05
201912,RXF10,RXF10,RXF,MID YORKSHIRE HOSPITALS NHS TRUST,RXF10,DEWSBURY & DISTRICT HOSPITAL - RXF10,534,1744,30.6%,97.9%,97.9% (534),RXF10
201912,RXH01,RXH01,RXH,BRIGHTON AND SUSSEX UNIVERSITY HOSPITALS NHS TRUST,RXH01,ROYAL SUSSEX COUNTY HOSPITAL - RXH01,1076,4937,21.8%,90.2%,90.2% (1076),RXH01
201912,RXH05,RXH05,RXH,BRIGHTON AND SUSSEX UNIVERSITY HOSPITALS NHS TRUST,RXH05,BRIGHTON GENERAL HOSPITAL - RXH05,48,108,44.4%,93.8%,93.8% (48),RXH05
201912,RXH06,RXH06,RXH,BRIGHTON AND SUSSEX UNIVERSITY HOSPITALS NHS TRUST,RXH06,ROYAL ALEXANDRA CHILDREN'S HOSPITAL - RXH06,124,761,16.3%,97.6%,97.6% (124),RXH06
201912,RXH09,RXH09,RXH,BRIGHTON AND SUSSEX UNIVERSITY HOSPITALS NHS TRUST,RXH09,PRINCESS ROYAL HOSPITAL - RXH09,753,3010,25%,95.5%,95.5% (753),RXH09
201912,RXK01,RXK01,RXK,SANDWELL AND WEST BIRMINGHAM HOSPITALS NHS TRUST,RXK01,SANDWELL GENERAL HOSPITAL - RXK01,550,2313,23.8%,81.6%,81.6% (550),RXK01
201912,RXK02,RXK02,RXK,SANDWELL AND WEST BIRMINGHAM HOSPITALS NHS TRUST,RXK02,CITY HOSPITAL - RXK02,372,2979,12.5%,84.9%,84.9% (372),RXK02
201912,RXK10,RXK10,RXK,SANDWELL AND WEST BIRMINGHAM HOSPITALS NHS TRUST,RXK10,ROWLEY REGIS HOSPITAL - RXK10,77,171,45%,90.9%,90.9% (77),RXK10
201912,RXL01,RXL01,RXL,BLACKPOOL TEACHING HOSPITALS NHS FOUNDATION TRUST,RXL01,BLACKPOOL VICTORIA HOSPITAL - RXL01,835,4989,16.7%,96%,96% (835),RXL01
201912,RXN01,RXN01,RXN,LANCASHIRE TEACHING HOSPITALS NHS FOUNDATION TRUST,RXN01,CHORLEY & SOUTH RIBBLE HOSPITAL - RXN01,285,1440,19.8%,93.7%,93.7% (285),RXN01
201912,RXN02,RXN02,RXN,LANCASHIRE TEACHING HOSPITALS NHS FOUNDATION TRUST,RXN02,ROYAL PRESTON HOSPITAL - RXN02,756,3479,21.7%,91%,91% (756),RXN02
201912,RXPBA,RXPBA,RXP,COUNTY DURHAM AND DARLINGTON NHS FOUNDATION TRUST,RXPBA,BISHOP AUCKLAND HOSPITAL - RXPBA,196,289,67.8%,100%,100% (196),RXPBA
201912,RXPCC,RXPCC,RXP,COUNTY DURHAM AND DARLINGTON NHS FOUNDATION TRUST,RXPCC,CHESTER LE STREET HOSPITAL - RXPCC,17,30,56.7%,94.1%,94.1% (17),RXPCC
201912,RXPCP,RXPCP,RXP,COUNTY DURHAM AND DARLINGTON NHS FOUNDATION TRUST,RXPCP,UNIVERSITY HOSPITAL OF NORTH DURHAM - RXPCP,520,2287,22.7%,96.9%,96.9% (520),RXPCP
201912,RXPDA,RXPDA,RXP,COUNTY DURHAM AND DARLINGTON NHS FOUNDATION TRUST,RXPDA,DARLINGTON MEMORIAL HOSPITAL - RXPDA,589,2190,26.9%,98.5%,98.5% (589),RXPDA
201912,RXQ02,RXQ02,RXQ,BUCKINGHAMSHIRE HEALTHCARE NHS TRUST,RXQ02,STOKE MANDEVILLE HOSPITAL - RXQ02,636,2925,21.7%,83%,83% (636),RXQ02
201912,RXQ50,RXQ50,RXQ,BUCKINGHAMSHIRE HEALTHCARE NHS TRUST,RXQ50,WYCOMBE HOSPITAL - RXQ50,413,1270,32.5%,95.6%,95.6% (413),RXQ50
201912,RXR10,RXR10,RXR,EAST LANCASHIRE HOSPITALS NHS TRUST,RXR10,BURNLEY GENERAL HOSPITAL - RXR10,853,1927,44.3%,98.9%,98.9% (853),RXR10
201912,RXR20,RXR20,RXR,EAST LANCASHIRE HOSPITALS NHS TRUST,RXR20,ROYAL BLACKBURN HOSPITAL - RXR20,1383,2312,59.8%,98.5%,98.5% (1383),RXR20
201912,RXWAS,RXWAS,RXW,SHREWSBURY AND TELFORD HOSPITAL NHS TRUST,RXWAS,ROYAL SHREWSBURY HOSPITAL - RXWAS,744,4086,18.2%,97%,97% (744),RXWAS
201912,RXWAT,RXWAT,RXW,SHREWSBURY AND TELFORD HOSPITAL NHS TRUST,RXWAT,THE PRINCESS ROYAL HOSPITAL - RXWAT,862,3606,23.9%,98.8%,98.8% (862),RXWAT
201912,RYJ01,RYJ01,RYJ,IMPERIAL COLLEGE HEALTHCARE NHS TRUST,RYJ01,ST MARY'S HOSPITAL (HQ) - RYJ01,655,2534,25.8%,97.1%,97.1% (655),RYJ01
201912,RYJ02,RYJ02,RYJ,IMPERIAL COLLEGE HEALTHCARE NHS TRUST,RYJ02,CHARING CROSS HOSPITAL - RYJ02,927,3220,28.8%,96.3%,96.3% (927),RYJ02
201912,RYJ03,RYJ03,RYJ,IMPERIAL COLLEGE HEALTHCARE NHS TRUST,RYJ03,HAMMERSMITH HOSPITAL - RYJ03,745,1919,38.8%,97.2%,97.2% (745),RYJ03
201912,RYJ07,RYJ07,RYJ,IMPERIAL COLLEGE HEALTHCARE NHS TRUST,RYJ07,WESTERN EYE HOSPITAL - RYJ07,106,346,30.6%,98.1%,98.1% (106),RYJ07
201912,RYR14,RYR14,RYR,WESTERN SUSSEX HOSPITALS NHS FOUNDATION TRUST,RYR14,SOUTHLANDS HOSPITAL - RYR14,26,395,6.6%,100%,100% (26),RYR14
201912,RYR16,RYR16,RYR,WESTERN SUSSEX HOSPITALS NHS FOUNDATION TRUST,RYR16,ST RICHARD'S HOSPITAL - RYR16,528,2997,17.6%,96.6%,96.6% (528),RYR16
201912,RYR18,RYR18,RYR,WESTERN SUSSEX HOSPITALS NHS FOUNDATION TRUST,RYR18,WORTHING HOSPITAL - RYR18,863,2438,35.4%,98.6%,98.6% (863),RYR18
